company;rank;rank_change;revenue;profit;num. of employees;sector;city;state;newcomer;ceo_founder;ceo_woman;profitable;prev_rank;CEO;Website;Ticker;Market Cap
Walmart;1;0.0;572754.0;13673.0;2300000.0;Retailing;Bentonville;AR;no;no;no;yes;1.0;C. Douglas McMillon;https://www.stock.walmart.com;WMT;352037
Amazon;2;0.0;469822.0;33364.0;1608000.0;Retailing;Seattle;WA;no;no;no;yes;2.0;Andrew R. Jassy;www.amazon.com;AMZN;1202717
Apple;3;0.0;365817.0;94680.0;154000.0;Technology;Cupertino;CA;no;no;no;yes;3.0;Timothy D. Cook;www.apple.com;AAPL;2443962
CVS Health;4;0.0;292111.0;7910.0;258000.0;Health Care;Woonsocket;RI;no;no;yes;yes;4.0;Karen Lynch;https://www.cvshealth.com;CVS;125204
UnitedHealth Group;5;0.0;287597.0;17285.0;350000.0;Health Care;Minnetonka;MN;no;no;no;yes;5.0;Andrew P. Witty;www.unitedhealthgroup.com;UNH;500468
Exxon Mobil;6;4.0;285640.0;23040.0;63000.0;Energy;Irving;TX;no;no;no;yes;10.0;Darren W. Woods;www.exxonmobil.com;XOM;371841
Berkshire Hathaway;7;-1.0;276094.0;89795.0;372000.0;Financials;Omaha;NE;no;no;no;yes;6.0;Warren E. Buffett;www.berkshirehathaway.com;BRKA;625468
Alphabet;8;1.0;257637.0;76033.0;156500.0;Technology;Mountain View;CA;no;no;no;yes;9.0;Sundar Pichai;https://www.abc.xyz;GOOGL;1309359
McKesson;9;-2.0;238228.0;-4539.0;67500.0;Health Care;Irving;TX;no;no;no;no;7.0;Brian S. Tyler;www.mckesson.com;MCK;47377
AmerisourceBergen;10;-2.0;213988.8;1539.9;40000.0;Health Care;Conshohocken;PA;no;no;no;yes;8.0;Steven H. Collis;www.amerisourcebergen.com;ABC;29972
Costco Wholesale;11;1.0;195929.0;5007.0;288000.0;Retailing;Issaquah;WA;no;no;no;yes;12.0;W. Craig Jelinek;www.costco.com;COST;230443
Cigna;12;1.0;174078.0;5365.0;72963.0;Health Care;Bloomfield;CT;no;no;no;yes;13.0;David Cordani;https://www.cigna.com;CI;88459
AT&T;13;-2.0;168864.0;20081.0;202600.0;Telecommunications;Dallas;TX;no;no;no;yes;11.0;John T. Stankey;www.att.com;T;148907
Microsoft;14;1.0;168088.0;61271.0;181000.0;Technology;Redmond;WA;no;no;no;yes;15.0;Satya Nadella;www.microsoft.com;MSFT;1941033
Cardinal Health;15;-1.0;162467.0;611.0;46827.0;Health Care;Dublin;OH;no;no;no;yes;14.0;Jason Hollar;www.cardinalhealth.com;CAH;15169
Chevron;16;11.0;162465.0;15625.0;42595.0;Energy;San Ramon;CA;no;no;no;yes;27.0;Michael K. Wirth;www.chevron.com;CVX;284132
Home Depot;17;1.0;151157.0;16433.0;490600.0;Retailing;Atlanta;GA;no;no;no;yes;18.0;Edward P. Decker;www.homedepot.com;HD;308152
Walgreens Boots Alliance;18;-2.0;148579.0;2542.0;258500.0;Food & Drug Stores;Deerfield;IL;no;no;yes;yes;16.0;Roz Brewer;www.walgreensbootsalliance.com;WBA;33360
Marathon Petroleum;19;13.0;141032.0;9738.0;17700.0;Energy;Findlay;OH;no;no;no;yes;32.0;Michael J. Hennigan;www.marathonpetroleum.com;MPC;47526
Elevance Health;20;3.0;138639.0;6104.0;98200.0;Health Care;Indianapolis;IN;no;no;yes;yes;23.0;Gail K. Boudreaux;www.elevancehealth.com;ELV;119923
Kroger;21;-4.0;137888.0;1655.0;420000.0;Food & Drug Stores;Cincinnati;OH;no;no;no;yes;17.0;W. Rodney McMullen;www.thekrogerco.com;KR;33846
Ford Motor;22;-1.0;136341.0;17937.0;183000.0;Motor Vehicles & Parts;Dearborn;MI;no;no;no;yes;21.0;James D. Farley Jr.;www.ford.com;F;50609
Verizon Communications;23;-3.0;133613.0;22065.0;118400.0;Telecommunications;New York;NY;no;no;no;yes;20.0;Hans E. Vestberg;www.verizon.com;VZ;211872
JPMorgan Chase;24;-5.0;127202.0;48334.0;271025.0;Financials;New York;NY;no;no;no;yes;19.0;James Dimon;www.jpmorganchase.com;JPM;336469
General Motors;25;-3.0;127004.0;10019.0;157000.0;Motor Vehicles & Parts;Detroit;MI;no;no;yes;yes;22.0;Mary T. Barra;www.gm.com;GM;50156
Centene;26;-2.0;125982.0;1347.0;72500.0;Health Care;St. Louis;MO;no;no;yes;yes;24.0;Sarah M. London;www.centene.com;CNC;53429
Meta Platforms;27;7.0;117929.0;39370.0;71970.0;Technology;Menlo Park;CA;no;yes;no;yes;34.0;Mark Zuckerberg;https://investor.fb.com;META;475718
Comcast;28;-2.0;116385.0;14159.0;189000.0;Telecommunications;Philadelphia;PA;no;no;no;yes;26.0;Brian L. Roberts;www.comcastcorporation.com;CMCSA;185069
Phillips 66;29;19.0;114852.0;1317.0;14000.0;Energy;Houston;TX;no;no;no;yes;48.0;Mark E. Lashier;www.phillips66.com;PSX;41091
Valero Energy;30;23.0;108332.0;930.0;9804.0;Energy;San Antonio;TX;no;no;no;yes;53.0;Joseph W. Gorder;www.valero.com;VLO;44376
Dell Technologies;31;-3.0;106995.0;5563.0;133000.0;Technology;Round Rock;TX;no;yes;no;yes;28.0;Michael S. Dell;www.delltechnologies.com;DELL;32568
Target;32;-2.0;106005.0;6946.0;450000.0;Retailing;Minneapolis;MN;no;no;no;yes;30.0;Brian C. Cornell;www.target.com;TGT;71112
Fannie Mae;33;-8.0;101543.0;22176.0;7400.0;Financials;Washington;DC;no;no;no;yes;25.0;David C. Benson;www.fanniemae.com;FNMA;3961
United Parcel Service;34;1.0;97287.0;12890.0;400945.0;Transportation;Atlanta;GA;no;no;yes;yes;35.0;Carol B. Tomé;www.ups.com;UPS;162355
Lowe's;35;-4.0;96250.0;8442.0;270000.0;Retailing;Mooresville;NC;no;no;no;yes;31.0;Marvin R. Ellison;www.lowes.com;LOW;120655
Bank of America;36;-7.0;93851.0;31978.0;208248.0;Financials;Charlotte;NC;no;no;no;yes;29.0;Brian T. Moynihan;www.bankofamerica.com;BAC;268697
Johnson & Johnson;37;-1.0;93775.0;20878.0;141700.0;Health Care;New Brunswick;NJ;no;no;no;yes;36.0;Joaquin Duato;www.jnj.com;JNJ;451785
Archer Daniels Midland;38;13.0;85249.0;2709.0;39979.0;Food, Beverages & Tobacco;Chicago;IL;no;no;no;yes;51.0;Juan R. Luciano;www.adm.com;ADM;41545
FedEx;39;6.0;83959.0;5231.0;484000.0;Transportation;Memphis;TN;no;yes;no;yes;45.0;Rajesh Subramaniam;www.fedex.com;FDX;58577
Humana;40;1.0;83064.0;2933.0;95500.0;Health Care;Louisville;KY;no;no;no;yes;41.0;Bruce D. Broussard;www.humana.com;HUM;62653
Wells Fargo;41;-4.0;82407.0;21548.0;247848.0;Financials;San Francisco;CA;no;no;no;yes;37.0;Charles W. Scharf;www.wellsfargo.com;WFC;162606
State Farm Insurance;42;-3.0;82224.7;1280.9;53586.0;Financials;Bloomington;IL;no;no;no;yes;39.0;Michael L. Tipsord;www.statefarm.com;;
Pfizer;43;34.0;81288.0;21979.0;79000.0;Health Care;New York;NY;no;no;no;yes;77.0;Albert Bourla;www.pfizer.com;PFE;288232
Citigroup;44;-11.0;79865.0;21952.0;221768.0;Financials;New York;NY;no;no;yes;yes;33.0;Jane Fraser;www.citigroup.com;C;100976
PepsiCo;45;-1.0;79474.0;7618.0;309000.0;Food, Beverages & Tobacco;Purchase;NY;no;no;no;yes;44.0;Ramon L. Laguarta;www.pepsico.com;PEP;234697
Intel;46;-6.0;79024.0;19868.0;121100.0;Technology;Santa Clara;CA;no;no;no;yes;40.0;Patrick P. Gelsinger;www.intel.com;INTC;164460
Procter & Gamble;47;-4.0;76118.0;14306.0;101000.0;Household Products;Cincinnati;OH;no;no;no;yes;43.0;Jon R. Moeller;www.pg.com;PG;345595
General Electric;48;-10.0;74196.0;-6520.0;168000.0;Industrials;Boston;MA;no;no;no;no;38.0;H. Lawrence Culp Jr.;www.ge.com;GE;73458
IBM;49;-7.0;72344.0;5743.0;297800.0;Technology;Armonk;NY;no;no;no;yes;42.0;Arvind Krishna;https://www.ibm.com;IBM;107307
MetLife;50;-4.0;71080.0;6554.0;43000.0;Financials;New York;NY;no;no;no;yes;46.0;Michel A. Khalaf;www.metlife.com;MET;49443
Prudential Financial;51;4.0;70934.0;7724.0;40916.0;Financials;Newark;NJ;no;no;no;yes;55.0;Charles F. Lowrey;www.prudential.com;PRU;35689
Albertsons;52;0.0;69690.4;850.2;300000.0;Food & Drug Stores;Boise;ID;no;no;no;yes;52.0;Vivek Sankaran;www.albertsonscompanies.com;ACI;14087
Walt Disney;53;-3.0;67418.0;1995.0;171000.0;Media;Burbank;CA;no;no;no;yes;50.0;Robert A. Chapek;www.thewaltdisneycompany.com;DIS;181438
Energy Transfer;54;27.0;67417.0;5470.0;12558.0;Energy;Dallas;TX;no;no;no;yes;81.0;Thomas E. Long/Marshall S. McCrea III;www.energytransfer.com;ET;32182
Lockheed Martin;55;-6.0;67044.0;6315.0;114000.0;Aerospace & Defense;Bethesda;MD;no;no;no;yes;49.0;James D. Taiclet Jr.;www.lockheedmartin.com;LMT;103510
Freddie Mac;56;-9.0;65898.0;12109.0;7301.0;Financials;McLean;VA;no;no;no;yes;47.0;Michael J. DeVito;www.freddiemac.com;FMCC;2055
Goldman Sachs Group;57;2.0;64989.0;21635.0;43900.0;Financials;New York;NY;no;no;no;yes;59.0;David M. Solomon;www.goldmansachs.com;GS;113877
Raytheon Technologies;58;-1.0;64388.0;3864.0;174000.0;Aerospace & Defense;Waltham;MA;no;no;no;yes;57.0;Gregory J. Hayes;www.rtx.com;RTX;139531
HP;59;-3.0;63487.0;6503.0;51000.0;Technology;Palo Alto;CA;no;no;no;yes;56.0;Enrique J. Lores;www.hp.com;HPQ;33951
Boeing;60;-6.0;62286.0;-4202.0;142000.0;Aerospace & Defense;Chicago;IL;no;no;no;no;54.0;David L. Calhoun;www.boeing.com;BA;92372
Morgan Stanley;61;0.0;61121.0;15034.0;74814.0;Financials;New York;NY;no;no;no;yes;61.0;James P. Gorman;www.morganstanley.com;MS;142829
HCA Healthcare;62;0.0;58752.0;6956.0;244000.0;Health Care;Nashville;TN;no;no;no;yes;62.0;Samuel N. Hazen;www.hcahealthcare.com;HCA;52649
AbbVie;63;5.0;56197.0;11542.0;50000.0;Health Care;North Chicago;IL;no;no;no;yes;68.0;Richard A. Gonzalez;www.abbvie.com;ABBV;264607
Dow;64;18.0;54968.0;6311.0;35700.0;Chemicals;Midland;MI;no;no;no;yes;82.0;James R. Fitterling;www.dow.com;DOW;38189
Tesla;65;35.0;53823.0;5519.0;99290.0;Motor Vehicles & Parts;Austin;TX;no;yes;no;yes;100.0;Elon Musk;www.tesla.com;TSLA;763395
Allstate;66;4.0;53228.0;1599.0;54500.0;Financials;Northbrook;IL;no;no;no;yes;70.0;Thomas J. Wilson;www.allstate.com;ALL;33721
American International Group;67;5.0;52057.0;9388.0;36600.0;Financials;New York;NY;no;no;no;yes;72.0;Peter S. Zaffino;www.aig.com;AIG;40988
Best Buy;68;-2.0;51761.0;2454.0;81375.0;Retailing;Richfield;MN;no;no;yes;yes;66.0;Corie S. Barry;www.investors.bestbuy.com;BBY;17106
Charter Communications;69;-5.0;51682.0;4654.0;93700.0;Telecommunications;Stamford;CT;no;no;no;yes;64.0;Thomas M. Rutledge;www.charter.com;CHTR;89514
Sysco;70;-10.0;51297.8;524.2;57710.0;Wholesalers;Houston;TX;no;no;no;yes;60.0;Kevin P. Hourican;www.sysco.com;SYY;44508
Merck;71;-6.0;51216.0;13049.0;67500.0;Health Care;Kenilworth;NJ;no;no;no;yes;65.0;Robert Davis;https://www.merck.com;MRK;218166
New York Life Insurance;72;-5.0;51198.5;277.1;14344.0;Financials;New York;NY;no;no;no;yes;67.0;Craig DeSanto;www.newyorklife.com;;-
Caterpillar;73;5.0;50971.0;6489.0;107700.0;Industrials;Deerfield;IL;no;no;no;yes;78.0;D. James Umpleby III;www.caterpillar.com;CAT;95735
Cisco Systems;74;-11.0;49818.0;10591.0;79500.0;Technology;San Jose;CA;no;no;no;yes;63.0;Charles H. Robbins;www.cisco.com;CSCO;182327
TJX;75;22.0;48550.0;3282.8;340000.0;Retailing;Framingham;MA;no;no;no;yes;97.0;Ernie L. Herrman;www.tjx.com;TJX;73403
Publix Super Markets;76;-7.0;48393.9;4412.2;232000.0;Food & Drug Stores;Lakeland;FL;no;no;no;yes;69.0;Randall T. Jones Sr.;www.publix.com;;-
ConocoPhillips;77;79.0;48349.0;8079.0;9900.0;Energy;Houston;TX;no;no;no;yes;156.0;Ryan M. Lance;www.conocophillips.com;COP;114444
Liberty Mutual Insurance Group;78;-7.0;48200.0;3068.0;45000.0;Financials;Boston;MA;no;no;no;yes;71.0;David H. Long;www.libertymutual.com;;
Progressive;79;-5.0;47702.0;3350.9;49077.0;Financials;Mayfield Village;OH;no;no;yes;yes;74.0;Susan Patricia Griffith;www.progressive.com;PGR;65485
Nationwide;80;-4.0;47376.0;1617.2;24134.0;Financials;Columbus;OH;no;no;no;yes;76.0;Kirt A. Walker;www.nationwide.com;;
Tyson Foods;81;-8.0;47049.0;3047.0;137000.0;Food, Beverages & Tobacco;Springdale;AR;no;no;no;yes;73.0;Donnie D. King;www.tysonfoods.com;TSN;30189
Bristol-Myers Squibb;82;-7.0;46385.0;6994.0;32200.0;Health Care;New York;NY;no;no;no;yes;75.0;Giovanni Caforio;www.bms.com;BMY;155720
Nike;83;2.0;44538.0;5727.0;73300.0;Apparel;Beaverton;OR;no;no;no;yes;85.0;John J. Donahoe II;;NKE;171840
Deere;84;4.0;44024.0;5963.0;75550.0;Industrials;Moline;IL;no;no;no;yes;88.0;John C. May;www.deere.com;DE;95233
American Express;85;-2.0;43663.0;8060.0;64000.0;Financials;New York;NY;no;no;no;yes;83.0;Stephen J. Squeri;www.americanexpress.com;AXP;111287
Abbott Laboratories;86;3.0;43075.0;7071.0;113000.0;Health Care;Abbott Park;IL;no;no;no;yes;89.0;Robert B. Ford;www.abbott.com;ABT;192481
StoneX Group;87;-29.0;42534.2;116.3;3242.0;Financials;New York;NY;no;no;no;yes;58.0;"Sean M. O&#039;Connor";www.stonex.com;SNEX;1699
Plains GP Holdings;88;39.0;42078.0;60.0;4100.0;Energy;Houston;TX;no;no;no;yes;127.0;Wilfred C.W. Chiang;www.plains.com;PAGP;2131
Enterprise Products Partners;89;16.0;40806.9;4637.7;6911.0;Energy;Houston;TX;no;no;no;yes;105.0;A. James Teague/W. Randall Fowler;www.enterpriseproducts.com;EPD;55122
TIAA;90;-11.0;40526.4;4060.7;15065.0;Financials;New York;NY;no;no;yes;yes;79.0;Thasunda Brown Duckett;www.tiaa.org;;-
Oracle;91;-11.0;40479.0;13746.0;132000.0;Technology;Austin;TX;no;no;yes;yes;80.0;Safra A. Catz;https://cisco.com;ORCL;192514
Thermo Fisher Scientific;92;3.0;39211.0;7725.0;129000.0;Technology;Waltham;MA;no;no;no;yes;95.0;Marc Casper;https://www.thermofisher.com;TMO;202645
Coca-Cola;93;0.0;38655.0;9771.0;79000.0;Food, Beverages & Tobacco;Atlanta;GA;no;no;no;yes;93.0;James R. Quincey;www.coca-colacompany.com;KO;271069
General Dynamics;94;-10.0;38469.0;3257.0;103100.0;Aerospace & Defense;Reston;VA;no;no;yes;yes;84.0;Phebe N. Novakovic;www.gd.com;GD;59618
CHS;95;8.0;38448.0;554.0;9941.0;Food, Beverages & Tobacco;Inver Grove Heights;MN;no;no;no;yes;103.0;Jay D. Debertin;www.chsinc.com;;
USAA;96;-9.0;37469.6;3300.0;37335.0;Financials;San Antonio;TX;no;no;no;yes;87.0;Wayne Peacock;www.usaa.com;;-
Northwestern Mutual;97;-7.0;36751.2;977.8;7585.0;Financials;Milwaukee;WI;no;no;no;yes;90.0;John E. Schlifske;www.northwesternmutual.com;;-
Nucor;98;51.0;36483.9;6827.5;28800.0;Materials;Charlotte;NC;no;no;no;yes;149.0;Leon J. Topalian;www.nucor.com;NUE;31183
Exelon;99;-7.0;36347.0;1706.0;31518.0;Energy;Chicago;IL;no;no;no;yes;92.0;Christopher M. Crane;www.exeloncorp.com;EXC;42832
Massachusetts Mutual Life Insurance;100;23.0;35899.5;319.3;10052.0;Financials;Springfield;MA;no;no;no;yes;123.0;Roger W. Crandall;www.massmutual.com;;-
Northrop Grumman;101;-15.0;35667.0;7005.0;88000.0;Aerospace & Defense;Falls Church;VA;no;no;yes;yes;86.0;Kathy J. Warden;www.northropgrumman.com;NOC;71099
3M;102;-6.0;35355.0;5921.0;95000.0;Chemicals;St. Paul;MN;no;no;no;yes;96.0;Michael F. Roman;www.3m.com;MMM;75190
Travelers;103;-5.0;34816.0;3662.0;30492.0;Financials;New York;NY;no;no;no;yes;98.0;Alan D. Schnitzer;www.travelers.com;TRV;37998
Arrow Electronics;104;-2.0;34477.0;1108.2;20700.0;Wholesalers;Centennial;CO;no;no;no;yes;102.0;Sean J. Kerins;www.arrow.com;ARW;7851
Honeywell International;105;-11.0;34392.0;5542.0;99000.0;Industrials;Charlotte;NC;no;no;no;yes;94.0;Darius E. Adamczyk;www.honeywell.com;HON;120646
Dollar General;106;-15.0;34220.4;2399.2;163000.0;Retailing;Goodlettsville;TN;no;no;no;yes;91.0;Jeffery C. Owen;www.dollargeneral.com;DG;55694
Qualcomm;107;17.0;33566.0;9043.0;45000.0;Technology;San Diego;CA;no;no;no;yes;124.0;Cristiano Amon;https://www.qualcomm.com;QCOM;126877
Capital One Financial;108;-9.0;32033.0;12390.0;50767.0;Financials;McLean;VA;no;yes;no;yes;99.0;Richard D. Fairbank;www.capitalone.com;COF;44423
TD Synnex;109;8.0;31614.2;395.1;27000.0;Wholesalers;Fremont;CA;no;no;no;yes;117.0;Richard T. Hume;www.tdsynnex.com;SNX;9174
Philip Morris International;110;-9.0;31405.0;9109.0;69600.0;Food, Beverages & Tobacco;New York;NY;no;no;no;yes;101.0;Jacek Olczak;www.pmi.com;PM;141727
World Fuel Services;111;36.0;31337.0;73.7;4414.0;Energy;Miami;FL;no;no;no;yes;147.0;Michael J. Kasbar;www.wfscorp.com;INT;1427
Performance Food Group;112;2.0;30398.9;40.7;22885.0;Wholesalers;Richmond;VA;no;no;no;yes;114.0;George L. Holm;www.pfgc.com;PFGC;7818
Delta Air Lines;113;65.0;29899.0;280.0;83000.0;Transportation;Atlanta;GA;no;no;no;yes;178.0;Edward H. Bastian;www.delta.com;DAL;20903
American Airlines Group;114;60.0;29882.0;-1993.0;123400.0;Transportation;Fort Worth;TX;no;no;no;no;174.0;Robert D. Isom;www.aa.com;AAL;9847
Netflix;115;0.0;29697.8;5116.2;11300.0;Media;Los Gatos;CA;no;yes;no;yes;115.0;Ted Sarandos/Reed Hastings;www.netflix.com;NFLX;89579
Paramount Global;116;-7.0;29579.0;4543.0;25115.0;Media;New York;NY;no;no;no;yes;109.0;Robert M. Bakish;www.paramount.com;PARA;16383
US Foods Holding;117;11.0;29487.0;164.0;28000.0;Wholesalers;Rosemont;IL;no;no;no;yes;128.0;Andrew Iacobucci;www.usfoods.com;USFD;7335
Danaher;118;12.0;29453.0;6433.0;79000.0;Health Care;Washington;DC;no;no;no;yes;130.0;Rainer Blair;https://www.danaher.com;DHR;189085
Jabil;119;-15.0;29285.0;696.0;238000.0;Technology;St. Petersburg;FL;no;no;no;yes;104.0;Mark T. Mondello;www.jabil.com;JBL;7554
Starbucks;120;5.0;29060.6;4199.3;383000.0;Hotels, Restaurants & Leisure;Seattle;WA;no;yes;no;yes;125.0;Howard D. Schultz;www.starbucks.com;SBUX;94677
Mondelez International;121;-13.0;28720.0;4300.0;79000.0;Food, Beverages & Tobacco;Chicago;IL;no;no;no;yes;108.0;Dirk Van de Put;www.mondelezinternational.com;MDLZ;85001
Eli Lilly;122;-4.0;28318.4;5581.7;35238.0;Health Care;Indianapolis;IN;no;no;no;yes;118.0;David A. Ricks;https://www.lilly.com;LLY;272723.6
Hewlett Packard Enterprise;123;-17.0;27784.0;3427.0;60400.0;Technology;Houston;TX;no;no;no;yes;106.0;Antonio F. Neri;https://www.hpe.com;HPE;21725.3
D.R. Horton;124;24.0;27774.2;4175.8;11788.0;Engineering & Construction;Arlington;TX;no;no;no;yes;148.0;David Auld;https://www.drhorton.com;DHI;24313
Molina Healthcare;125;30.0;27771.0;659.0;14000.0;Health Care;Long Beach;CA;no;no;no;yes;155.0;Joseph M. Zubretsky;https://www.molinahealthcare.com;MOH;19572.9
CBRE Group;126;-4.0;27746.0;1836.6;105000.0;Financials;Dallas;TX;no;no;no;yes;122.0;Robert E. Sulentic;https://www.cbre.com;CBRE;30414.2
Micron Technology;127;8.0;27705.0;5861.0;43000.0;Technology;Boise;ID;no;no;no;yes;135.0;Sanjay Mehrotra;https://www.micron.com;MU;86977.2
Broadcom;128;-7.0;27450.0;6736.0;20000.0;Technology;San Jose;CA;no;no;no;yes;121.0;Hock E. Tan;https://www.broadcom.com;AVGO;257086.5
Gilead Sciences;129;-13.0;27305.0;6225.0;14400.0;Health Care;Foster City;CA;no;no;no;yes;116.0;"Daniel P. O&#039;Day";https://www.gilead.com;GILD;74656.5
PBF Energy;130;73.0;27253.4;231.0;3418.0;Energy;Parsippany;NJ;no;no;no;yes;203.0;Thomas J. Nimbley;https://www.pbfenergy.com;PBF;2932.6
Lennar;131;-2.0;27130.7;4430.1;10753.0;Engineering & Construction;Miami;FL;no;no;no;yes;129.0;Jonathan M. Jaffe/Richard Beckwitt;https://www.lennar.com;LEN;23413
United Natural Foods;132;-25.0;26992.0;149.0;28300.0;Wholesalers;Providence;RI;no;no;no;yes;107.0;Sandy Douglas;https://www.unfi.com;UNFI;2409.3
NRG Energy;133;200.0;26989.0;2187.0;6635.0;Energy;Houston;TX;no;no;no;yes;333.0;Mauricio Gutierrez;https://www.nrg.com;NRG;9855
Nvidia;134;50.0;26914.0;9752.0;22473.0;Technology;Santa Clara;CA;no;yes;no;yes;184.0;Jensen Huang;https://www.nvidia.com;NVDA;296011
Occidental Petroleum;135;48.0;26772.0;2322.0;11678.0;Energy;Houston;TX;no;no;yes;yes;183.0;Vicki A. Hollub;https://www.oxy.com;OXY;53160.2
Salesforce;136;1.0;26492.0;1444.0;73541.0;Technology;San Francisco;CA;no;yes;no;yes;137.0;Marc R. Benioff/Bret Taylor;https://www.salesforce.com;CRM;210196.8
Dollar Tree;137;-26.0;26321.2;1327.9;136226.0;Retailing;Chesapeake;VA;no;no;no;yes;111.0;Michael A. Witynski;https://www.dollartree.com;DLTR;36051.4
KKR;138;178.0;26141.3;4666.5;3238.0;Financials;New York;NY;no;no;no;yes;316.0;Joseph Y. Bae/Scott C. Nuttall;https://www.kkr.com;KKR;51542.9
Kraft Heinz;139;-29.0;26042.0;1012.0;36000.0;Food, Beverages & Tobacco;Chicago;IL;no;no;no;yes;110.0;Miguel Patricio;https://www.kraftheinzcompany.com;KHC;48248.6
Amgen;140;-28.0;25979.0;5893.0;24200.0;Health Care;Thousand Oaks;CA;no;no;no;yes;112.0;Robert A. Bradway;https://www.amgen.com;AMGN;134700.8
AutoNation;141;4.0;25844.0;1373.0;22200.0;Retailing;Fort Lauderdale;FL;no;no;no;yes;145.0;Michael M. Manley;https://www.autonation.com;AN;6111.4
Penske Automotive Group;142;1.0;25554.7;1187.8;24797.0;Retailing;Bloomfield Hills;MI;no;no;no;yes;143.0;Roger S. Penske;https://www.penskeautomotive.com;PAG;7196.7
PayPal;143;-9.0;25371.0;4169.0;30900.0;Business Services;San Jose;CA;no;no;no;yes;134.0;Daniel Schulman;https://www.paypal.com;PYPL;99538
Macy's;144;20.0;25292.0;1430.0;88857.0;Retailing;New York;NY;no;no;no;yes;164.0;Jeffrey Gennette;https://www.macysinc.com;M;7123.2
Duke Energy;145;-19.0;24677.0;3908.0;27605.0;Energy;Charlotte;NC;no;no;yes;yes;126.0;Lynn J. Good;https://www.duke-energy.com;DUK;85967
United Airlines Holdings;146;54.0;24634.0;-1964.0;84100.0;Transportation;Chicago;IL;no;no;no;no;200.0;J. Scott Kirby;https://www.united.com;UAL;15049.7
Visa;147;-14.0;24105.0;12311.0;21500.0;Business Services;San Francisco;CA;no;no;no;yes;133.0;Alfred F. Kelly Jr.;https://www.visa.com;V;480022.5
Rite Aid;148;-16.0;24043.4;-90.9;50000.0;Food & Drug Stores;Camp Hill;PA;no;no;yes;no;132.0;Heyward Donigan;https://www.riteaid.com;RAD;488.1
Cummins;149;1.0;24021.0;2131.0;59900.0;Industrials;Columbus;IN;no;no;yes;yes;150.0;Jennifer Rumsey;https://www.cummins.com;CMI;29140.9
U.S. Bancorp;150;-37.0;23714.0;7963.0;68796.0;Financials;Minneapolis;MN;no;no;no;yes;113.0;Andrew J. Cecere;https://www.usbank.com;USB;78929.8
Paccar;151;8.0;23522.3;1852.1;28500.0;Motor Vehicles & Parts;Bellevue;WA;no;no;no;yes;159.0;R. Preston Feight;https://www.paccar.com;PCAR;29101
McDonald's;152;5.0;23222.9;7545.2;200000.0;Hotels, Restaurants & Leisure;Chicago;IL;no;no;no;yes;157.0;Christopher J. Kempczinski;https://www.investor.mcdonalds.com;MCD;183873.6
Southern;153;-7.0;23113.0;2393.0;27164.0;Energy;Atlanta;GA;no;no;no;yes;146.0;Thomas A. Fanning;https://www.southerncompany.com;SO;76877
C.H. Robinson Worldwide;154;37.0;23102.1;844.2;16877.0;Transportation;Eden Prairie;MN;no;no;no;yes;191.0;Robert C. Biesterfeld Jr.;https://www.chrobinson.com;CHRW;13855.8
Truist Financial;155;-36.0;23064.0;6440.0;51462.0;Financials;Charlotte;NC;no;no;no;yes;119.0;William H. Rogers Jr.;https://www.truist.com;TFC;75353.9
Applied Materials;156;20.0;23063.0;5888.0;27000.0;Technology;Santa Clara;CA;no;no;no;yes;176.0;Gary E. Dickerson;https://www.appliedmaterials.com;AMAT;116431.4
Freeport-McMoRan;157;58.0;22845.0;4306.0;24700.0;Energy;Phoenix;AZ;no;no;no;yes;215.0;Richard C. Adkerson;https://www.fcx.com;FCX;72360.8
Lithia Motors;158;73.0;22831.7;1060.0;21150.0;Retailing;Medford;OR;no;no;no;yes;231.0;Bryan DeBoer;https://www.lithiainvestorrelations.com;LAD;5678
Blackstone;159;295.0;22577.1;5857.4;3795.0;Financials;New York;NY;no;yes;no;yes;454.0;Stephen A. Schwarzman;https://www.blackstone.com;BX;88907.2
Hartford Financial Services Group;160;-18.0;22390.0;2365.0;18100.0;Financials;Hartford;CT;no;no;no;yes;142.0;Christopher J. Swift;https://www.thehartford.com;HIG;23815.6
Aflac;161;-30.0;22106.0;4325.0;12447.0;Financials;Columbus;GA;no;no;no;yes;131.0;Daniel P. Amos;https://www.aflac.com;AFL;41812.8
Whirlpool;162;-8.0;21985.0;1783.0;69000.0;Industrials;Benton Harbor;MI;no;no;no;yes;154.0;Marc R. Bitzer;https://www.whirlpoolcorp.com;WHR;10101.2
Union Pacific;163;-10.0;21804.0;6523.0;32124.0;Transportation;Omaha;NE;no;no;no;yes;153.0;Lance M. Fritz;https://www.up.com;UNP;171681.6
International Paper;164;-23.0;21780.0;1752.0;38200.0;Materials;Memphis;TN;no;no;no;yes;141.0;Mark S. Sutton;https://www.internationalpaper.com;IP;17301.1
Altria Group;165;-27.0;21111.0;2475.0;6000.0;Food, Beverages & Tobacco;Richmond;VA;no;no;no;yes;138.0;William F. Gifford Jr.;https://www.altria.com;MO;94951.7
CDW;166;-5.0;20820.8;988.6;13900.0;Technology;Lincolnshire;IL;no;no;yes;yes;161.0;Christine A. Leahy;https://www.cdw.com;CDW;24140.2
ManpowerGroup;167;-2.0;20724.4;382.4;30000.0;Business Services;Milwaukee;WI;no;no;no;yes;165.0;Jonas Prising;https://www.manpowergroup.com;MAN;5025.6
PG&E;168;-8.0;20642.0;-102.0;26000.0;Energy;San Francisco;CA;no;no;yes;no;160.0;Patricia K. Poppe;https://www.pgecorp.com;PCG;29433.7
Carrier Global;169;2.0;20613.0;1664.0;58000.0;Industrials;Palm Beach Gardens;FL;no;no;no;yes;171.0;David L. Gitlin;https://www.corporate.carrier.com;CARR;39127.4
Baker Hughes;170;-30.0;20502.0;-219.0;54000.0;Energy;Houston;TX;no;no;no;no;140.0;Lorenzo Simonelli;https://www.bakerhughes.com;BKR;37410.2
Cleveland-Cliffs;171;0.0;20444.0;2988.0;26000.0;Materials;Cleveland;OH;yes;no;no;yes; ;C. Lourenco Goncalves;https://www.clevelandcliffs.com;CLF;16891.2
United States Steel;172;138.0;20275.0;4174.0;24540.0;Materials;Pittsburgh;PA;no;no;no;yes;310.0;David B. Burritt;https://www.ussteel.com;X;9832.3
Becton Dickinson;173;4.0;20248.0;2092.0;75000.0;Health Care;Franklin Lakes;NJ;no;no;no;yes;177.0;Thomas E. Polen;https://www.bd.com;BDX;75749.1
CarMax;174;-38.0;20092.1;746.9;26889.0;Retailing;Richmond;VA;no;no;no;yes;136.0;William D. Nash;www.carmax.com;KMX;15305
Sherwin-Williams;175;-13.0;19944.6;1864.4;61626.0;Chemicals;Cleveland;OH;no;no;no;yes;162.0;John G. Morikis;https://www.sherwin-williams.com;SHW;65037.9
Builders FirstSource;176;174.0;19893.9;1725.4;28000.0;Materials;Dallas;TX;no;no;no;yes;350.0;David Flitman;https://www.bldr.com;BLDR;9205
Marsh & McLennan;177;-2.0;19820.0;3143.0;83000.0;Financials;New York;NY;no;no;no;yes;175.0;Daniel S. Glaser;https://www.marshmclennan.com;MMC;85681.3
PNC Financial Services Group;178;-58.0;19698.0;5674.0;58547.0;Financials;Pittsburgh;PA;no;no;no;yes;120.0;William S. Demchak;https://www.pnc.com;PNC;77203.4
Lumen Technologies;179;-40.0;19687.0;2033.0;36000.0;Telecommunications;Monroe;LA;no;no;no;yes;139.0;Jeffrey K. Storey;https://www.lumen.com;LUMN;11533.4
Avnet;180;-12.0;19534.7;193.1;14500.0;Wholesalers;Phoenix;AZ;no;no;no;yes;168.0;Philip R. Gallagher;https://www.avnet.com;AVT;4016.9
Tenet Healthcare;181;-14.0;19485.0;914.0;88968.0;Health Care;Dallas;TX;no;no;no;yes;167.0;Saumya Sutaria;https://www.tenethealth.com;THC;9387.6
Kimberly-Clark;182;-24.0;19440.0;1814.0;45000.0;Household Products;Irving;TX;no;no;no;yes;158.0;Michael D. Hsu;https://www.kimberly-clark.com;KMB;41496.1
Kohl's;183;12.0;19433.0;938.0;67000.0;Retailing;Menomonee Falls;WI;no;no;yes;yes;195.0;Michelle D. Gass;https://www.kohls.com;KSS;7774.6
BlackRock;184;8.0;19374.0;5901.0;18400.0;Financials;New York;NY;no;no;no;yes;192.0;Laurence D. Fink;https://www.blackrock.com;BLK;116186.2
Jones Lang LaSalle;185;1.0;19367.0;961.6;98200.0;Financials;Chicago;IL;no;no;no;yes;186.0;Christian Ulbrich;https://www.jll.com;JLL;11945.5
Lear;186;-7.0;19263.1;373.9;160100.0;Motor Vehicles & Parts;Southfield;MI;no;no;no;yes;179.0;Raymond E. Scott;https://www.lear.com;LEA;8513.1
Lincoln National;187;-15.0;19230.0;1405.0;10848.0;Financials;Radnor;PA;no;no;yes;yes;172.0;Ellen G. Cooper;https://www.lfg.com;LNC;11271.6
Charles Schwab;188;63.0;18996.0;5855.0;33400.0;Financials;Westlake;TX;no;no;no;yes;251.0;Walter W. Bettinger II;https://www.aboutschwab.com;SCHW;159675.9
Ross Stores;189;53.0;18916.2;1722.6;100000.0;Retailing;Dublin;CA;no;no;yes;yes;242.0;Barbara Rentler;https://www.rossstores.com;ROST;31741.7
Mastercard;190;11.0;18884.0;8687.0;24000.0;Business Services;Purchase;NY;no;no;no;yes;201.0;Michael Miebach;https://www.mastercard.com;MA;349330.5
Genuine Parts;191;-18.0;18870.5;898.8;52000.0;Wholesalers;Atlanta;GA;no;no;no;yes;173.0;Paul D. Donahue;https://www.genpt.com;GPC;17888.1
WestRock;192;-22.0;18746.1;838.3;49900.0;Materials;Atlanta;GA;no;no;no;yes;170.0;David B. Sewell;https://www.westrock.com;WRK;12379
EOG Resources;193;92.0;18642.0;4664.0;2800.0;Energy;Houston;TX;no;no;no;yes;285.0;Ezra Y. Yacob;https://www.eogresources.com;EOG;69796
Cognizant Technology Solutions;194;-9.0;18507.0;2137.0;330600.0;Technology;Teaneck;NJ;no;no;no;yes;185.0;Brian Humphries;https://www.cognizant.com;CTSH;47035
Moderna;195;0.0;18471.0;12202.0;2700.0;Health Care;Cambridge;MA;yes;no;no;yes; ;Stephane Bancel;https://www.modernatx.com;MRNA;69424.3
Steel Dynamics;196;123.0;18408.9;3214.1;10640.0;Materials;Fort Wayne;IN;no;yes;no;yes;319.0;Mark D. Millett;https://www.steeldynamics.com;STLD;15811.5
HF Sinclair;197;82.0;18389.1;558.3;4208.0;Energy;Dallas;TX;no;no;no;yes;279.0;Michael C. Jennings;https://www.hfsinclair.com;DINO;8895.8
Texas Instruments;198;12.0;18344.0;7769.0;31000.0;Technology;Dallas;TX;no;no;no;yes;210.0;Richard K. Templeton;https://www.ti.com;TXN;169329.6
Emerson Electric;199;-18.0;18236.0;2303.0;86700.0;Industrials;St. Louis;MO;no;no;no;yes;181.0;S. L. Karsanbhai;https://www.emerson.com;EMR;58241.7
WESCO International;200;45.0;18217.5;465.4;18000.0;Wholesalers;Pittsburgh;PA;no;no;no;yes;245.0;John J. Engel;https://www.wesco.com;WCC;6598.5
General Mills;201;-32.0;18127.0;2339.8;35000.0;Food, Beverages & Tobacco;Minneapolis;MN;no;no;no;yes;169.0;Jeffrey L. Harmening;https://www.generalmills.com;GIS;40781.8
Tenneco;202;-3.0;18035.0;35.0;71000.0;Motor Vehicles & Parts;Lake Forest;IL;no;no;no;yes;199.0;Brian J. Kesseler;https://www.tenneco.com;TEN;1523
Waste Management;203;-1.0;17931.0;1816.0;48500.0;Business Services;Houston;TX;no;no;no;yes;202.0;James C. Fish Jr.;https://www.wm.com;WM;65802.8
Viatris;204;50.0;17886.3;-1269.1;37000.0;Health Care;Canonsburg;PA;no;no;no;no;254.0;Michael Goettler;https://www.viatris.com;VTRS;13160.2
DISH Network;205;-8.0;17881.1;2410.6;14500.0;Telecommunications;Englewood;CO;no;no;no;yes;197.0;W. Erik Carlson;https://www.dish.com;DISH;16743.1
L3Harris Technologies;206;-43.0;17814.0;1846.0;47000.0;Aerospace & Defense;Melbourne;FL;no;no;no;yes;163.0;Christopher E. Kubasik;https://www.l3harris.com;LHX;47969.6
DXC Technology;207;-55.0;17729.0;-149.0;134000.0;Technology;Tysons;VA;no;no;no;no;152.0;Michael J. Salvino;https://www.dxc.technology;DXC;7977.3
Block;208;115.0;17661.2;166.3;8521.0;Business Services;San Francisco;CA;no;yes;no;yes;323.0;Jack Dorsey;https://www.block.xyz;SQ;78655.9
Goodyear Tire & Rubber;209;37.0;17478.0;764.0;72000.0;Motor Vehicles & Parts;Akron;OH;no;no;no;yes;246.0;Richard J. Kramer;https://www.goodyear.com;GT;4029.3
Uber Technologies;210;71.0;17455.0;-496.0;29300.0;Technology;San Francisco;CA;no;no;no;no;281.0;Dara Khosrowshahi;https://www.uber.com;UBER;69753
Colgate-Palmolive;211;-23.0;17421.0;2166.0;33800.0;Household Products;New York;NY;no;no;no;yes;188.0;Noel R. Wallace;https://www.colgatepalmolive.com;CL;63742.2
Stanley Black & Decker;212;-3.0;17252.7;1689.2;71300.0;Household Products;New Britain;CT;no;no;no;yes;209.0;Donald Allan Jr.;https://www.stanleyblackanddecker.com;SWK;22843.3
DuPont;213;-69.0;17160.0;6467.0;28000.0;Chemicals;Wilmington;DE;no;no;no;yes;144.0;Edward D. Breen;https://www.dupont.com;DD;37739.7
Stryker;214;-2.0;17108.0;1994.0;46000.0;Health Care;Kalamazoo;MI;no;no;no;yes;212.0;Kevin A. Lobo;https://www.stryker.com;SYK;100978.1
NextEra Energy;215;-49.0;17069.0;3573.0;15000.0;Energy;Juno Beach;FL;no;no;no;yes;166.0;John W. Ketchum;https://www.nexteraenergy.com;NEE;166264.1
Targa Resources;216;148.0;16949.8;71.2;2430.0;Energy;Houston;TX;no;no;no;yes;364.0;Matthew J. Meloy;https://www.targaresources.com;TRGP;17243.8
Western Digital;217;-35.0;16922.0;821.0;65600.0;Technology;San Jose;CA;no;no;no;yes;182.0;David V. Goeckeler;https://www.westerndigital.com;WDC;15536.4
PPG Industries;218;2.0;16802.0;1439.0;49300.0;Chemicals;Pittsburgh;PA;no;no;no;yes;220.0;Michael H. McGarry;https://www.ppg.com;PPG;30951.9
American Electric Power;219;-15.0;16792.0;2488.1;16688.0;Energy;Columbus;OH;no;no;no;yes;204.0;Nicholas K. Akins;https://www.aep.com;AEP;50338.6
Gap;220;1.0;16670.0;256.0;97000.0;Retailing;San Francisco;CA;no;no;no;yes;221.0;Bobby L. Martin;https://www.gapinc.com;GPS;5206.6
"BJ&#8217;s Wholesale Club";221;-23.0;16667.3;426.7;34000.0;Retailing;Westborough;MA;no;no;no;yes;198.0;Robert W. Eddy;https://www.bjs.com;BJ;9146.9
Reinsurance Group of America;222;-15.0;16658.0;617.0;3500.0;Financials;Chesterfield;MO;no;no;yes;yes;207.0;Anna Manning;https://www.rgare.com;RGA;7354.6
Kinder Morgan;223;39.0;16610.0;1784.0;10529.0;Energy;Houston;TX;no;no;no;yes;262.0;Steven J. Kean;https://www.kindermorgan.com;KMI;42878.1
Oneok;224;127.0;16540.3;1499.7;2847.0;Energy;Tulsa;OK;no;no;no;yes;351.0;Pierce H. Norton II;https://www.oneok.com;OKE;31516
Expeditors Intl. of Washington;225;74.0;16523.5;1415.5;19070.0;Transportation;Seattle;WA;no;no;no;yes;299.0;Jeffrey Musser;https://www.expeditors.com;EXPD;15051
Advanced Micro Devices;226;83.0;16434.0;3162.0;15500.0;Technology;Santa Clara;CA;no;no;yes;yes;309.0;Lisa Su;https://www.amd.com;AMD;93566
Fiserv;227;-22.0;16226.0;1334.0;44000.0;Business Services;Brookfield;WI;no;no;no;yes;205.0;Frank J. Bisignano;https://www.fiserv.com;FISV;66132.8
Estée Lauder;228;-15.0;16215.0;2870.0;53320.0;Household Products;New York;NY;no;no;no;yes;213.0;Fabrizio Freda;https://www.elcompanies.com;EL;97672.1
Bank of New York Mellon;229;-49.0;16158.0;3759.0;49100.0;Financials;New York;NY;no;no;no;yes;180.0;Robin Vince;https://www.bnymellon.com;BK;40056.7
Laboratory Corp. of America;230;-12.0;16120.9;2377.3;71725.0;Health Care;Burlington;NC;no;no;no;yes;218.0;Adam H. Schechter;https://www.labcorp.com;LH;24625.8
Regeneron Pharmaceuticals;231;123.0;16071.7;8075.3;10368.0;Health Care;Tarrytown;NY;no;yes;no;yes;354.0;Leonard Schleifer;https://www.regeneron.com;REGN;80226
Land O'Lakes;232;-13.0;15916.4;287.4;9000.0;Food, Beverages & Tobacco;Arden Hills;MN;no;no;yes;yes;219.0;Beth E. Ford;https://www.landolakesinc.com;;
Cheniere Energy;233;95.0;15864.0;-2343.0;1550.0;Energy;Houston;TX;no;no;no;no;328.0;Jack A. Fusco;https://www.cheniere.com;LNG;35272.3
Southwest Airlines;234;102.0;15790.0;977.0;55093.0;Transportation;Dallas;TX;no;no;no;yes;336.0;Robert E. Jordan;https://www.southwest.com;LUV;27129.3
Adobe;235;-1.0;15785.0;4822.0;25988.0;Technology;San Jose;CA;no;no;no;yes;234.0;Shantanu Narayen;https://www.adobe.com;ADBE;215280.5
Synchrony Financial;236;-49.0;15752.0;4221.0;18000.0;Financials;Stamford;CT;no;no;no;yes;187.0;Brian D. Doubles;https://www.synchronyfinancial.com;SYF;18145.5
Corteva;237;-23.0;15655.0;1759.0;21000.0;Food, Beverages & Tobacco;Indianapolis;IN;no;no;no;yes;214.0;Charles V. Magro;https://www.corteva.com;CTVA;41774.9
Fidelity National Financial;238;50.0;15643.0;2422.0;28290.0;Financials;Jacksonville;FL;no;no;no;yes;288.0;Michael Nolan;https://www.fnf.com;FNF;10569
DTE Energy;239;11.0;15369.0;907.0;10300.0;Energy;Detroit;MI;no;no;no;yes;250.0;Gerardo Norcia;https://www.dteenergy.com;DTE;25614.6
Murphy USA;240;82.0;15318.8;396.9;10430.0;Retailing;El Dorado;AR;no;no;no;yes;322.0;R. Andrew Clyde;https://www.murphyusa.com;MUSA;4888.6
Halliburton;241;-30.0;15295.0;1457.0;40000.0;Energy;Houston;TX;no;no;no;yes;211.0;Jeffrey A. Miller;https://www.halliburton.com;HAL;34028.9
Automatic Data Processing;242;-34.0;15005.4;2598.5;56000.0;Business Services;Roseland;NJ;no;no;no;yes;208.0;Carlos A. Rodriguez;https://www.adp.com;ADP;95577.1
Edison International;243;-17.0;14905.0;759.0;13003.0;Energy;Rosemead;CA;no;no;no;yes;226.0;Pedro J. Pizarro;https://www.edisoninvestor.com;EIX;26693.8
BorgWarner;244;51.0;14838.0;537.0;49300.0;Motor Vehicles & Parts;Auburn Hills;MI;no;no;no;yes;295.0;Frederic B. Lissalde;https://www.borgwarner.com;BWA;9335
Nordstrom;245;44.0;14789.0;178.0;72000.0;Retailing;Seattle;WA;no;no;no;yes;289.0;Erik B. Nordstrom;https://www.nordstrom.com;JWN;4321.3
Loews;246;-7.0;14657.0;1578.0;10340.0;Financials;New York;NY;no;no;no;yes;239.0;James S. Tisch;https://www.loews.com;L;15971.3
Guardian Life Ins. Co. of America;247;-20.0;14647.8;288.8;9150.0;Financials;New York;NY;no;no;no;yes;227.0;Andrew J. McMahon;https://www.guardianlife.com;;
Pioneer Natural Resources;248;180.0;14643.0;2118.0;1932.0;Energy;Irving;TX;no;no;no;yes;428.0;Scott D. Sheffield;https://www.pxd.com;PXD;60728.3
AutoZone;249;-11.0;14629.6;2170.3;85050.0;Retailing;Memphis;TN;no;no;no;yes;238.0;William C. Rhodes III;https://www.autozone.com;AZO;40582.6
Lam Research;250;54.0;14626.2;3908.5;14100.0;Technology;Fremont;CA;no;no;no;yes;304.0;Timothy M. Archer;https://www.lamresearch.com;LRCX;74996.7
American Family Insurance Group;251;-19.0;14611.9;734.5;13590.0;Financials;Madison;WI;no;no;no;yes;232.0;William Westrate;https://www.amfam.com;;
Illinois Tool Works;252;-12.0;14455.0;2694.0;45000.0;Industrials;Glenview;IL;no;no;no;yes;240.0;E. Scott Santi;https://www.itw.com;ITW;65311.9
Parker-Hannifin;253;-30.0;14347.6;1746.1;54640.0;Industrials;Cleveland;OH;no;no;no;yes;223.0;Thomas L. Williams;https://www.parker.com;PH;36456.8
Otis Worldwide;254;-18.0;14298.0;1246.0;70000.0;Industrials;Farmington;CT;no;no;yes;yes;236.0;Judith F. Marks;https://www.otis.com;OTIS;32700.9
Omnicom Group;255;-26.0;14289.4;1407.8;71700.0;Business Services;New York;NY;no;no;no;yes;229.0;John D. Wren;https://www.omnicomgroup.com;OMC;17565.7
Principal Financial;256;-50.0;14262.7;1710.6;18600.0;Financials;Des Moines;IA;no;no;no;yes;206.0;Daniel J. Houston;https://www.principal.com;PFG;19176.7
Dominion Energy;257;-64.0;14218.0;3288.0;17100.0;Energy;Richmond;VA;no;no;no;yes;193.0;Robert M. Blue;https://www.dominionenergy.com;D;68883
Kellogg;258;-36.0;14181.0;1488.0;31000.0;Food, Beverages & Tobacco;Battle Creek;MI;no;no;no;yes;222.0;Steven A. Cahillane;https://www.kelloggcompany.com;K;21890.2
Fluor;259;-63.0;14156.8;-440.2;40582.0;Engineering & Construction;Irving;TX;no;no;no;no;196.0;David E. Constable;https://www.fluor.com;FLR;4051.7
AECOM;260;-71.0;14112.4;173.2;51000.0;Engineering & Construction;Dallas;TX;no;no;no;yes;189.0;W. Troy Rudd;https://www.aecom.com;ACM;10856.5
Reliance Steel & Aluminum;261;82.0;14093.3;1413.0;13950.0;Materials;Los Angeles;CA;no;no;no;yes;343.0;James D. Hoffman;https://www.rsac.com;RS;11313.5
Jacobs Engineering Group;262;-37.0;14092.6;477.0;53500.0;Engineering & Construction;Dallas;TX;no;no;no;yes;225.0;Steven J. Demetriou;https://www.jacobs.com;J;17807.4
Corning;263;14.0;14082.0;1906.0;61200.0;Industrials;Corning;NY;no;no;no;yes;277.0;Wendell P. Weeks;https://www.corning.com;GLW;31212.8
Farmers Insurance Exchange;264;-8.0;14055.0;-366.8;11787.0;Financials;Woodland Hills;CA;no;no;no;no;256.0;Jeffrey J. Dailey;https://www.farmers.com;;
Qurate Retail;265;-49.0;14044.0;340.0;26745.0;Retailing;Englewood;CO;no;no;no;yes;216.0;David L. Rawlinson II;https://www.qurateretail.com;QRTEA;1807.4
Pacific Life;266;37.0;13936.0;1102.0;3861.0;Financials;Newport Beach;CA;no;no;no;yes;303.0;Darryl Button;https://www.pacificlife.com;;
PulteGroup;267;17.0;13926.9;1946.3;6182.0;Engineering & Construction;Atlanta;GA;no;no;no;yes;284.0;Ryan R. Marshall;https://www.pultegroupinc.com;PHM;10115.7
Fidelity National Information Services;268;-27.0;13877.0;417.0;65000.0;Business Services;Jacksonville;FL;no;no;no;yes;241.0;Gary A. Norcross;https://www.fisglobal.com;FIS;61215.1
IQVIA Holdings;269;6.0;13874.0;966.0;79000.0;Health Care;Durham;NC;no;no;no;yes;275.0;Ari Bousbib;https://www.iqvia.com;IQV;44140.8
Marriott International;270;23.0;13857.0;1099.0;120000.0;Hotels, Restaurants & Leisure;Bethesda;MD;no;no;no;yes;293.0;Anthony G. Capuano;https://www.marriott.com;MAR;57514.9
Berry Global Group;271;-10.0;13850.0;733.0;47000.0;Materials;Evansville;IN;no;no;no;yes;261.0;Thomas E. Salmon;https://www.berryglobal.com;BERY;7832.4
Ball;272;-12.0;13811.0;878.0;24300.0;Materials;Westminster;CO;no;no;no;yes;260.0;Daniel W. Fisher;https://www.ball.com;BLL;28909.1
Group 1 Automotive;273;13.0;13801.7;552.1;13711.0;Retailing;Houston;TX;no;no;no;yes;286.0;Earl J. Hesterberg;https://www.group1auto.com;GPI;2859.9
Leidos Holdings;274;-26.0;13737.0;753.0;43000.0;Technology;Reston;VA;no;no;no;yes;248.0;Roger A. Krone;https://www.leidos.com;LDOS;14727.7
Wayfair;275;-58.0;13708.0;-131.0;16681.0;Retailing;Boston;MA;no;yes;no;no;217.0;Niraj S. Shah;https://www.wayfair.com;W;11641.6
Consolidated Edison;276;-27.0;13676.0;1346.0;13871.0;Energy;New York;NY;no;no;no;yes;249.0;Timothy P. Cawley;https://www.conedison.com;ED;33525.3
Ameriprise Financial;277;-24.0;13443.0;2760.0;12000.0;Financials;Minneapolis;MN;no;no;no;yes;253.0;James M. Cracchiolo;https://www.ameriprise.com;AMP;33213
Xcel Energy;278;-6.0;13431.0;1597.0;11321.0;Energy;Minneapolis;MN;no;no;no;yes;272.0;Robert C. Frenzel;https://www.xcelenergy.com;XEL;39275.9
O'Reilly Automotive;279;-11.0;13327.6;2164.7;76158.0;Retailing;Springfield;MO;no;no;no;yes;268.0;Gregory D. Johnson;https://www.oreillyauto.com;ORLY;45410.4
Global Partners;280;81.0;13248.3;60.8;2960.0;Wholesalers;Waltham;MA;no;no;no;yes;361.0;Eric Slifka;https://www.globalp.com;GLP;927.1
Discover Financial Services;281;-48.0;13221.0;5449.0;16700.0;Financials;Riverwoods;IL;no;no;no;yes;233.0;Roger C. Hochschild;https://www.discover.com;DFS;31076.7
Rocket Companies;282;-88.0;13175.6;308.2;26000.0;Financials;Detroit;MI;no;no;no;yes;194.0;Jay D. Farner;https://www.rocketcompanies.com;RKT;21905.9
LKQ;283;-17.0;13088.5;1090.9;46000.0;Wholesalers;Chicago;IL;no;no;no;yes;266.0;Dominick P. Zarcone;https://www.lkqcorp.com;LKQ;12941.4
W.W. Grainger;284;-26.0;13022.0;1043.0;23450.0;Wholesalers;Lake Forest;IL;no;no;no;yes;258.0;D.G. Macpherson;https://www.grainger.com;GWW;26358
Quanta Services;285;-7.0;12980.2;486.0;43700.0;Engineering & Construction;Houston;TX;no;no;no;yes;278.0;Earl C. Austin Jr.;https://www.quantaservices.com;PWR;18779.5
Crown Holdings;286;-17.0;12979.0;-560.0;26000.0;Materials;Yardley;PA;no;no;no;no;269.0;Timothy J. Donahue;https://www.crowncork.com;CCK;15460.6
Fox;287;-40.0;12909.0;2150.0;9000.0;Media;New York;NY;no;no;no;yes;247.0;Lachlan K. Murdoch;https://www.foxcorporation.com;FOXA;21423.2
Sempra;288;-33.0;12857.0;1317.0;15390.0;Energy;San Diego;CA;no;no;no;yes;255.0;Jeffrey W. Martin;https://www.sempra.com;SRE;53087.6
Markel;289;22.0;12846.4;2425.0;20300.0;Financials;Glen Allen;VA;no;no;no;yes;311.0;Thomas S. Gayner/Richard R. Whitt III;https://www.markel.com;MKL;20037.5
Carvana;290;193.0;12814.0;-135.0;21000.0;Retailing;Tempe;AZ;no;yes;no;no;483.0;Ernest C. Garcia III;https://www.carvana.com;CVNA;19549.5
XPO Logistics;291;-101.0;12806.0;336.0;44700.0;Transportation;Greenwich;CT;no;no;no;yes;190.0;Brad Jacobs;https://www.xpo.com;XPO;8356.9
Baxter International;292;-28.0;12784.0;1284.0;60000.0;Health Care;Deerfield;IL;no;no;no;yes;264.0;José E. Almeida;https://www.baxter.com;BAX;39017.9
Ecolab;293;-56.0;12733.1;1129.9;47000.0;Chemicals;St. Paul;MN;no;no;no;yes;237.0;Christophe Beck;https://www.ecolab.com;ECL;50548.4
Tractor Supply;294;-3.0;12731.1;997.1;34000.0;Retailing;Brentwood;TN;no;no;no;yes;291.0;Harry A. Lawton III;https://www.tractorsupply.com;TSCO;26171.6
Andersons;295;71.0;12728.8;104.0;2334.0;Food, Beverages & Tobacco;Maumee;OH;no;no;no;yes;366.0;Patrick Bowe;https://andersonsinc.com;ANDE;1151
Keurig Dr Pepper;296;-29.0;12683.0;2146.0;27500.0;Food, Beverages & Tobacco;Burlington;MA;no;no;no;yes;267.0;Ozan Dokmecioglu;https://www.keurigdrpepper.com;KDP;53748.2
Universal Health Services;297;-27.0;12642.1;991.6;78850.0;Health Care;King of Prussia;PA;no;no;no;yes;270.0;Marc D. Miller;https://www.uhsinc.com;UHS;10843.1
CSX;298;-6.0;12522.0;3781.0;20919.0;Transportation;Jacksonville;FL;no;no;no;yes;292.0;Joseph R. Hinrichs;https://www.csx.com;CSX;81587.8
Henry Schein;299;-1.0;12401.0;631.2;21600.0;Health Care;Melville;NY;no;no;no;yes;298.0;Stanley Bergman;https://www.henryschein.com;HSIC;8952
Sonic Automotive;300;8.0;12396.4;348.9;10200.0;Retailing;Charlotte;NC;no;no;no;yes;308.0;David Bruton Smith;https://www.sonicautomotive.com;SAH;1728.8
eBay;301;-25.0;12394.0;13608.0;10800.0;Technology;San Jose;CA;no;no;no;yes;276.0;Jamie Iannone;https://www.ebay.com;EBAY;33641.9
Textron;302;-37.0;12382.0;746.0;33000.0;Aerospace & Defense;Providence;RI;no;no;no;yes;265.0;Scott C. Donnelly;https://www.textron.com;TXT;16090.6
Jones Financial (Edward Jones);303;-8.0;12373.0;1605.0;50000.0;Financials;Des Peres;MO;no;no;yes;yes;295.0;Penny Pennington;https://www.edwardjones.com;;-
Community Health Systems;304;-45.0;12368.0;230.0;58500.0;Health Care;Franklin;TN;no;no;no;yes;259.0;Tim L. Hingtgen;https://www.chs.net;CYH;1598.6
Mosaic;305;41.0;12357.4;1630.6;12525.0;Chemicals;Tampa;FL;no;no;no;yes;346.0;"James C. O&#039;Rourke";https://www.mosaicco.com;MOS;24492.6
Thor Industries;306;62.0;12317.4;659.9;31000.0;Motor Vehicles & Parts;Elkhart;IN;no;no;no;yes;368.0;Robert Martin;https://www.thorindustries.com;THO;4273
Dick's Sporting Goods;307;13.0;12293.4;1519.9;34300.0;Retailing;Coraopolis;PA;no;no;yes;yes;320.0;Lauren R. Hobart;https://www.dickssportinggoods.com;DKS;7986.6
Newmont;308;-35.0;12222.0;1166.0;14400.0;Energy;Denver;CO;no;no;no;yes;273.0;Thomas R. Palmer;https://www.newmont.com;NEM;62968.1
Devon Energy;309;0.0;12206.0;2813.0;1600.0;Energy;Oklahoma City;OK;yes;no;no;yes; ;Richard E. Muncrief;https://www.devonenergy.com;DVN;39274.1
Warner Bros. Discovery;310;-20.0;12191.0;1006.0;11000.0;Media;New York;NY;no;no;no;yes;290.0;David M. Zaslav;https://https://wbd.com;WBD;12700.5
J.B. Hunt Transport Services;311;4.0;12168.3;760.8;33045.0;Transportation;Lowell;AR;no;no;no;yes;315.0;John N. Roberts III;https://www.jbhunt.com;JBHT;21052.9
Alcoa;312;18.0;12152.0;429.0;12200.0;Materials;Pittsburgh;PA;no;no;no;yes;330.0;Roy C. Harvey;https://www.alcoa.com;AA;16603.4
Peter Kiewit Sons';313;-70.0;12149.0;753.0;28800.0;Engineering & Construction;Omaha;NE;no;no;no;yes;243.0;Rick Lanoha;https://www.kiewit.com;;
Aramark;314;-79.0;12096.0;-90.8;248300.0;Business Services;Philadelphia;PA;no;no;no;no;235.0;John J. Zillmer;https://www.aramark.com;ARMK;9655.5
Vistra;315;-41.0;12077.0;-1274.0;5060.0;Energy;Irving;TX;no;no;no;no;274.0;James A. Burke;https://www.vistracorp.com;VST;10434.7
State Street;316;-64.0;12030.0;2693.0;38784.0;Financials;Boston;MA;no;no;no;yes;252.0;"Ronald P. O&#039;Hanley";https://www.statestreet.com;STT;31891.8
Unum Group;317;-87.0;12013.8;824.2;10200.0;Financials;Chattanooga;TN;no;no;no;yes;230.0;Richard P. McKenney;https://www.unum.com;UNM;6382.8
Alleghany;318;21.0;12004.1;1034.9;13313.0;Financials;New York;NY;no;no;no;yes;339.0;Joseph P. Brandon;https://www.alleghany.com;Y;11396.1
Boston Scientific;319;-14.0;11888.0;1041.0;41000.0;Health Care;Marlborough;MA;no;no;no;yes;305.0;Michael F. Mahoney;https://www.bostonscientific.com;BSX;63310.2
Westlake;320;68.0;11778.0;2015.0;14550.0;Chemicals;Houston;TX;no;no;no;yes;388.0;Albert Yuan Chao;https://www.westlake.com;WLK;15785.4
Entergy;321;-21.0;11742.9;1118.5;12369.0;Energy;New Orleans;LA;no;no;no;yes;300.0;Andrew S. Marsh;https://www.entergy.com;ETR;23760.4
International Flavors & Fragrances;322;0.0;11656.0;270.0;24000.0;Chemicals;New York;NY;yes;no;no;yes; ;Franklin K. Clyburn Jr.;https://www.iff.com;IFF;33455.6
DaVita;323;-52.0;11618.8;978.5;69000.0;Health Care;Denver;CO;no;no;no;yes;271.0;Javier J. Rodriguez;https://www.davita.com;DVA;10892.5
Mutual of Omaha Insurance;324;-42.0;11459.3;579.0;5739.0;Financials;Omaha;NE;no;no;no;yes;282.0;James T. Blackledge;https://www.mutualofomaha.com;;
Assurant;325;-23.0;11410.0;1372.4;15600.0;Financials;New York;NY;no;no;no;yes;302.0;Keith W. Demmings;https://www.assurant.com;AIZ;10493.1
Liberty Media;326;0.0;11400.0;398.0;6886.0;Media;Englewood;CO;no;no;no;yes;326.0;Gregory B. Maffei;https://www.libertymedia.com;LSXMA;15239.1
Hormel Foods;327;-10.0;11386.2;908.8;20000.0;Food, Beverages & Tobacco;Austin;MN;no;no;no;yes;317.0;James P. Snee;https://www.hormelfoods.com;HRL;28089.2
Icahn Enterprises;328;125.0;11328.0;-518.0;19536.0;Financials;Sunny Isles Beach;FL;no;no;no;no;453.0;David Willetts;https://www.ielp.com;IEP;15237.1
Republic Services;329;-32.0;11295.0;1290.4;35000.0;Business Services;Phoenix;AZ;no;no;no;yes;297.0;Jon Vander Ark;https://www.republicservices.com;RSG;41841.7
Mohawk Industries;330;-9.0;11200.6;1033.2;43000.0;Household Products;Calhoun;GA;no;no;no;yes;321.0;Jeffrey S. Lorberbaum;https://www.mohawkind.com;MHK;8081.8
Conagra Brands;331;-48.0;11184.7;1298.8;18600.0;Food, Beverages & Tobacco;Chicago;IL;no;no;no;yes;283.0;Sean M. Connolly;https://www.conagrabrands.com;CAG;16103.5
Norfolk Southern;332;-25.0;11142.0;3005.0;18100.0;Transportation;Atlanta;GA;no;no;no;yes;307.0;Alan H. Shaw;https://www.norfolksouthern.com;NSC;68389.3
AES;333;-20.0;11141.0;-409.0;8450.0;Energy;Arlington;VA;no;no;no;no;313.0;Andrés R. Gluski;https://www.aes.com;AES;17172.1
AGCO;334;-3.0;11138.3;897.0;23300.0;Industrials;Duluth;GA;no;no;no;yes;331.0;Eric P. Hansotia;https://www.agcocorp.com;AGCO;10885.3
Caesars Entertainment;335;0.0;11110.0;-1019.0;49000.0;Hotels, Restaurants & Leisure;Reno;NV;yes;no;no;no; ;Thomas R. Reeg;https://www.caesars.com;CZR;16564.6
Equitable Holdings;336;-92.0;11036.0;-439.0;10000.0;Financials;New York;NY;no;no;no;no;244.0;Mark Pearson;https://www.equitableholdings.com;EQH;12041.2
Advance Auto Parts;337;-36.0;10998.0;616.1;54500.0;Retailing;Raleigh;NC;no;no;no;yes;301.0;Thomas R. Greco;https://www.advanceautoparts.com;AAP;12644.8
Biogen;338;-110.0;10981.7;1556.1;9610.0;Health Care;Cambridge;MA;no;no;no;yes;228.0;Michel Vounatsos;https://www.biogen.com;BIIB;30950.4
Auto-Owners Insurance;339;2.0;10980.2;1318.4;6441.0;Financials;Lansing;MI;no;no;no;yes;341.0;Jeffrey S. Tagsold;https://www.auto-owners.com;;
Booking Holdings;340;84.0;10958.0;1165.0;20199.0;Technology;Norwalk;CT;no;no;no;yes;424.0;Glenn D. Fogel;https://www.bookingholdings.com;BKNG;96022.7
Amphenol;341;8.0;10876.3;1590.8;90000.0;Technology;Wallingford;CT;no;no;no;yes;349.0;R. Adam Norwitt;https://www.amphenol.com;APH;45130.1
Quest Diagnostics;342;-18.0;10788.0;1995.0;44500.0;Health Care;Secaucus;NJ;no;no;no;yes;324.0;James E. Davis;https://www.questdiagnostics.com;DGX;16348.6
FirstEnergy;343;-49.0;10758.0;1283.0;12395.0;Energy;Akron;OH;no;no;no;yes;294.0;John W. Somerhalder II;https://www.firstenergycorp.com;FE;26181.6
DCP Midstream;344;98.0;10707.0;391.0;1788.0;Energy;Denver;CO;no;no;no;yes;442.0;Wouter T. van Kempen;https://www.dcpmidstream.com;DCP;6993.2
Ally Financial;345;-58.0;10690.0;3060.0;10500.0;Financials;Detroit;MI;no;no;no;yes;287.0;Jeffrey J. Brown;https://www.ally.com;ALLY;14411.6
Delek US Holdings;346;51.0;10648.2;-203.5;3312.0;Energy;Brentwood;TN;no;no;no;no;397.0;Avigal Soreq;https://www.delekus.com;DK;1500.2
Williams;347;32.0;10627.0;1517.0;4783.0;Energy;Tulsa;OK;no;no;no;yes;379.0;Alan S. Armstrong;https://www.williams.com;WMB;40670.4
Newell Brands;348;-23.0;10589.0;572.0;32000.0;Household Products;Atlanta;GA;no;no;no;yes;325.0;Ravichandra K. Saligram;https://www.newellbrands.com;NWL;8902.4
Eastman Chemical;349;6.0;10476.0;857.0;14000.0;Chemicals;Kingsport;TN;no;no;no;yes;355.0;Mark J. Costa;https://www.eastman.com;EMN;14450.1
Air Products & Chemicals;350;-10.0;10323.0;2099.1;20750.0;Chemicals;Allentown;PA;no;no;no;yes;340.0;Seifi Ghasemi;https://www.airproducts.com;APD;55409.4
Thrivent Financial for Lutherans;351;18.0;10312.7;2530.2;3256.0;Financials;Minneapolis;MN;no;no;yes;yes;369.0;Teresa J. Rasmussen;https://www.thrivent.com;;
Molson Coors Beverage;352;-38.0;10279.7;1005.7;16300.0;Food, Beverages & Tobacco;Chicago;IL;no;no;no;yes;314.0;Gavin D.K. Hattersley;https://www.molsoncoors.com;TAP;11631.8
Interpublic Group;353;-19.0;10240.7;952.8;55600.0;Business Services;New York;NY;no;no;no;yes;334.0;Daryl Lee;https://www.interpublic.com;IPG;13965.9
Weyerhaeuser;354;33.0;10201.0;2607.0;9214.0;Materials;Seattle;WA;no;no;no;yes;387.0;Devin W. Stockfish;https://www.weyerhaeuser.com;WY;28315
Altice USA;355;-49.0;10090.8;990.3;9000.0;Telecommunications;Long Island City;NY;no;no;no;yes;306.0;Dennis Mathew;https://www.alticeusa.com;ATUS;5674.1
Raymond James Financial;356;11.0;9910.0;1403.0;15000.0;Financials;St. Petersburg;FL;no;no;no;yes;367.0;Paul C. Reilly;https://www.raymondjames.com;RJF;22817.5
EMCOR Group;357;-13.0;9903.6;383.5;34000.0;Engineering & Construction;Norwalk;CT;no;no;no;yes;344.0;Anthony J. Guzzi;https://www.emcorgroup.com;EME;5931.8
Eversource Energy;358;-20.0;9863.1;1220.5;9227.0;Energy;Springfield;MA;no;no;no;yes;338.0;Joseph R. Nolan Jr.;https://www.eversource.com;ES;30403.2
Yum China Holdings;359;4.0;9853.0;990.0;298500.0;Hotels, Restaurants & Leisure;Plano;TX;no;no;yes;yes;363.0;Joey Wat;https://ir.yumchina.com;YUMC;17679
Asbury Automotive Group;360;45.0;9837.7;532.4;14200.0;Retailing;Duluth;GA;no;no;no;yes;405.0;David W. Hult;https://www.asburyauto.com;ABG;3714.8
Owens & Minor;361;-16.0;9785.3;221.6;17300.0;Health Care;Mechanicsville;VA;no;no;no;yes;345.0;Edward A. Pesicka;https://www.owens-minor.com;OMI;3375.6
Public Service Enterprise Group;362;-44.0;9722.0;-648.0;12684.0;Energy;Newark;NJ;no;no;no;no;318.0;Ralph A. LaRossa;https://www.pseg.com;PEG;35145.5
United Rentals;363;-11.0;9716.0;1386.0;20400.0;Business Services;Stamford;CT;no;no;no;yes;352.0;Matthew J. Flannery;https://www.unitedrentals.com;URI;25643.3
MGM Resorts International;364;0.0;9680.1;1254.4;60500.0;Hotels, Restaurants & Leisure;Las Vegas;NV;yes;no;no;yes; ;William J. Hornbuckle;https://www.mgmresorts.com;MGM;18257.9
Ryder System;365;-8.0;9663.0;519.0;42800.0;Transportation;Miami;FL;no;no;no;yes;357.0;Robert E. Sanchez;https://www.ryder.com;R;4055.4
Intuit;366;14.0;9633.0;2062.0;17350.0;Technology;Mountain View;CA;no;no;no;yes;380.0;Sasan K. Goodarzi;https://www.intuit.com;INTU;135987.6
Cincinnati Financial;367;19.0;9629.7;2945.6;5166.0;Financials;Fairfield;OH;no;no;no;yes;386.0;Steven J. Johnston;https://www.cinfin.com;CINF;21813.3
Erie Insurance Group;368;-21.0;9619.7;1130.1;5805.0;Financials;Erie;PA;no;no;no;yes;347.0;Timothy G. NeCastro;https://www.erieinsurance.com;;
Univar Solutions;369;-7.0;9535.5;460.6;9450.0;Wholesalers;Downers Grove;IL;no;no;no;yes;362.0;David C. Jukes;https://www.univarsolutions.com;UNVR;5459.8
Huntington Ingalls Industries;370;-43.0;9524.0;544.0;44000.0;Aerospace & Defense;Newport News;VA;no;no;no;yes;327.0;Christopher D. Kastner;https://www.huntingtoningalls.com;HII;7991
W.R. Berkley;371;1.0;9455.5;1022.5;7681.0;Financials;Greenwich;CT;no;no;no;yes;372.0;W. Robert Berkley Jr.;https://www.berkley.com;WRB;17658.8
Western & Southern Financial Group;372;2.0;9441.7;361.2;2538.0;Financials;Cincinnati;OH;no;no;no;yes;374.0;John F. Barrett;https://www.westernsouthern.com;;
Insight Enterprises;373;-13.0;9436.1;219.3;11624.0;Technology;Tempe;AZ;no;no;yes;yes;360.0;Joyce A. Mullen;https://www.insight.com;NSIT;3745.1
News Corp.;374;-37.0;9358.0;330.0;24000.0;Media;New York;NY;no;no;no;yes;337.0;Robert J. Thomson;https://www.newscorp.com;NWSA;13127.7
American Tower;375;0.0;9356.9;2567.7;6378.0;Financials;Boston;MA;no;no;no;yes;375.0;Thomas A. Bartlett;https://www.americantower.com;AMT;114527.4
Old Republic International;376;25.0;9341.6;1534.3;9600.0;Financials;Chicago;IL;no;no;no;yes;401.0;Craig R. Smiddy;https://www.oldrepublic.com;ORI;7972.8
Burlington Stores;377;94.0;9322.3;408.8;38599.0;Retailing;Burlington;NJ;no;no;no;yes;471.0;Michael B. O?Sullivan;https://www.burlingtoninvestors.com;BURL;12112.8
Avis Budget Group;378;120.0;9313.0;1285.0;18500.0;Retailing;Parsippany;NJ;no;no;no;yes;498.0;Joseph A. Ferraro;https://www.avisbudgetgroup.com;CAR;14157
ODP;379;-67.0;9267.0;-208.0;26000.0;Retailing;Boca Raton;FL;no;no;no;no;312.0;Gerry P. Smith;https://www.officedepot.com;ODP;2222.2
VF Corp.;380;-117.0;9238.8;407.9;33600.0;Apparel;Denver;CO;no;no;no;yes;263.0;Steven Rendle;https://www.vfc.com;VFC;11620
Bed Bath & Beyond;381;-101.0;9233.0;-150.8;37600.0;Retailing;Union;NJ;no;no;yes;no;280.0;Sue Gove;https://www.bedbathandbeyond.com;BBBY;2170.5
Seaboard;382;24.0;9229.0;570.0;13200.0;Food, Beverages & Tobacco;Merriam;KS;no;no;no;yes;406.0;Robert L. Steer;https://www.seaboardcorp.com;SEB;4881.6
First American Financial;383;26.0;9221.0;1241.0;22233.0;Financials;Santa Ana;CA;no;no;no;yes;409.0;Kenneth D. DeGiorgio;https://www.firstam.com;FAF;7087.2
Intercontinental Exchange;384;-19.0;9168.0;4058.0;8858.0;Financials;Atlanta;GA;no;yes;no;yes;365.0;Jeffrey C. Sprecher;https://www.ice.com;ICE;74044.8
PVH;385;19.0;9154.7;952.3;25000.0;Apparel;New York;NY;no;no;no;yes;404.0;Stefan Larsson;https://www.pvh.com;PVH;5210
Apollo Global Management;386;0.0;9124.0;1838.5;2153.0;Financials;New York;NY;yes;yes;no;yes; ;Marc Rowan;https://www.apollo.com;APO;37194
Jefferies Financial Group;387;32.0;9039.9;1674.4;5556.0;Financials;New York;NY;no;no;no;yes;419.0;Richard Handler;https://www.jefferies.com;JEF;7248
Hershey;388;-18.0;8971.3;1477.5;17805.0;Food, Beverages & Tobacco;Hershey;PA;no;no;yes;yes;370.0;Michele G. Buck;https://www.thehersheycompany.com;HSY;44461.5
NVR;389;-6.0;8970.1;1236.7;6600.0;Engineering & Construction;Reston;VA;no;no;no;yes;383.0;Eugene J. Bredow;https://www.nvrinc.com;NVR;15010.5
Foot Locker;390;-5.0;8958.0;893.0;33244.0;Retailing;New York;NY;no;no;yes;yes;385.0;Mary N. Dillon;https://www.footlocker.com/corp;FL;2850
Dana;391;17.0;8945.0;197.0;40200.0;Motor Vehicles & Parts;Maumee;OH;no;no;no;yes;408.0;James K. Kamsickas;https://www.dana.com;DAN;2544.4
SpartanNash;392;-63.0;8931.0;73.8;13300.0;Wholesalers;Byron Center;MI;no;no;no;yes;329.0;Tony B. Sarsam;https://www.spartannash.com;SPTN;1185.1
Olin;393;79.0;8910.6;1296.7;7750.0;Chemicals;Clayton;MO;no;no;no;yes;472.0;Scott M. Sutton;https://www.olin.com;OLN;8062
Chewy;394;9.0;8890.8;-73.8;21300.0;Retailing;Dania Beach;FL;no;no;no;no;403.0;Sumit Singh;https://www.chewy.com;CHWY;17147.3
Jackson Financial;395;0.0;8848.0;3183.0;3150.0;Financials;Lansing;MI;yes;no;yes;yes; ;Laura L. Prieskorn;https://www.jackson.com;JXN;3895.1
Activision Blizzard;396;-23.0;8803.0;2699.0;9800.0;Media;Santa Monica;CA;no;no;no;yes;373.0;Robert A. Kotick;https://www.activisionblizzard.com;ATVI;62559.7
Toll Brothers;397;14.0;8790.4;833.6;5100.0;Engineering & Construction;Fort Washington;PA;no;no;no;yes;411.0;Douglas C. Yearley Jr.;https://www.tollbrothers.com;TOL;5515.4
Carlyle Group;398;0.0;8782.1;2974.7;1850.0;Financials;Washington;DC;yes;no;no;yes; ;William Conway Jr.;https://www.carlyle.com;CG;9539
Graybar Electric;399;0.0;8767.3;262.4;8800.0;Wholesalers;St. Louis;MO;no;no;yes;yes;399.0;Kathleen M. Mazzarella;https://www.graybar.com;;-
Ovintiv;400;58.0;8658.0;1416.0;1713.0;Energy;Denver;CO;no;no;no;yes;458.0;Brendan M. McCracken;https://www.ovintiv.com;OVV;13987.5
UFP Industries;401;0.0;8636.1;535.6;15000.0;Materials;Grand Rapids;MI;yes;no;no;yes; ;Matthew Missad;https://www.ufpi.com;UFPI;4471
Ulta Beauty;402;49.0;8630.9;985.8;28500.0;Retailing;Bolingbrook;IL;no;no;no;yes;451.0;David C. Kimbell;https://www.ulta.com;ULTA;20837.8
Constellation Brands;403;-44.0;8614.9;1998.0;9300.0;Food, Beverages & Tobacco;Victor;NY;no;no;no;yes;359.0;William A. Newlands;https://www.cbrands.com;STZ;43763.5
Expedia Group;404;0.0;8598.0;12.0;14800.0;Retailing;Seattle;WA;yes;no;no;yes; ;Peter M. Kern;https://www.expediagroup.com;EXPE;30476.5
CommScope Holding;405;-49.0;8586.7;-462.6;30000.0;Technology;Hickory;NC;no;no;no;no;356.0;Charles L. Treadway;https://www.commscope.com;COMM;1629.7
Celanese;406;71.0;8537.0;1890.0;8529.0;Chemicals;Irving;TX;no;no;yes;yes;477.0;Lori J. Ryerkerk;https://www.celanese.com;CE;15434.1
Global Payments;407;-13.0;8523.8;965.5;25000.0;Business Services;Atlanta;GA;no;no;no;yes;394.0;Jeffrey S. Sloan;https://www.globalpayments.com;GPN;38545.6
Owens Corning;408;5.0;8498.0;995.0;20000.0;Materials;Toledo;OH;no;no;no;yes;413.0;Brian D. Chambers;https://www.owenscorning.com;OC;9064.7
Campbell Soup;409;-74.0;8476.0;1002.0;14100.0;Food, Beverages & Tobacco;Camden;NJ;no;no;no;yes;335.0;Mark A. Clouse;https://www.campbellsoupcompany.com;CPB;13446.9
Huntsman;410;50.0;8453.0;1045.0;9000.0;Chemicals;The Woodlands;TX;no;no;no;yes;460.0;Peter R. Huntsman;https://www.huntsman.com;HUN;8046.9
Franklin Resources;411;73.0;8425.5;1831.2;10300.0;Financials;San Mateo;CA;no;no;yes;yes;484.0;Jennifer M. Johnson;https://www.franklinresources.com;BEN;14019.3
Avery Dennison;412;5.0;8408.3;740.1;36000.0;Materials;Glendale;CA;no;no;no;yes;417.0;Mitchell R. Butier;https://www.averydennison.com;AVY;14327.4
Masco;413;-15.0;8375.0;410.0;20000.0;Household Products;Livonia;MI;no;no;no;yes;398.0;Keith J. Allman;https://www.masco.com;MAS;12062.7
CenterPoint Energy;414;-72.0;8352.0;1486.0;9418.0;Energy;Houston;TX;no;no;no;yes;342.0;David J. Lesar;https://www.centerpointenergy.com;CNP;19285.8
Fifth Third Bancorp;415;-57.0;8329.0;2770.0;19112.0;Financials;Cincinnati;OH;no;no;no;yes;358.0;Timothy N. Spence;https://www.53.com;FITB;29511.3
WEC Energy Group;416;-16.0;8316.0;1300.3;6938.0;Energy;Milwaukee;WI;no;no;no;yes;400.0;Scott J. Lauber;https://www.wecenergygroup.com;WEC;31483.5
S&P Global;417;-24.0;8297.0;3024.0;22850.0;Business Services;New York;NY;no;no;no;yes;393.0;Douglas L. Peterson;https://www.spglobal.com;SPGI;142343.5
FM Global;418;5.0;8274.6;2842.4;5560.0;Financials;Johnston;RI;no;no;no;yes;423.0;Malcolm C. Roberts;https://www.fmglobal.com;;
Polaris;419;-12.0;8252.0;493.9;16000.0;Transportation;Medina;MN;no;no;no;yes;407.0;Michael T. Speetzen;https://www.polaris.com;PII;6264.1
Williams-Sonoma;420;5.0;8245.9;1126.3;16600.0;Retailing;San Francisco;CA;no;no;yes;yes;425.0;Laura J. Alber;https://www.williams-sonomainc.com;WSM;10376
Autoliv;421;-29.0;8230.0;435.0;58176.0;Motor Vehicles & Parts;Auburn Hills;MI;no;no;no;yes;392.0;Mikael Bratt;https://www.autoliv.com;ALV;6691.1
Arthur J. Gallagher;422;-6.0;8209.4;906.8;39000.0;Financials;Rolling Meadows;IL;no;no;no;yes;416.0;J. Patrick Gallagher Jr.;https://www.ajg.com;AJG;36598.6
Motorola Solutions;423;-28.0;8171.0;1245.0;18700.0;Technology;Chicago;IL;no;no;no;yes;395.0;Gregory Q. Brown;https://www.motorolasolutions.com;MSI;40555.9
Zillow Group;424;0.0;8147.4;-527.8;8005.0;Technology;Seattle;WA;yes;yes;no;no; ;Richard N. Barton;https://www.zillowgroup.com;ZG;12287.1
Opendoor Technologies;425;0.0;8021.0;-662.0;2816.0;Technology;San Francisco;CA;yes;yes;no;no; ;Eric Wu;https://www.opendoor.com;OPEN;5364.1
J.M. Smucker;426;-48.0;8002.7;876.3;7100.0;Food, Beverages & Tobacco;Orrville;OH;no;no;no;yes;378.0;Mark T. Smucker;https://www.jmsmucker.com;SJM;14686.4
Anywhere Real Estate;427;18.0;7983.0;343.0;9748.0;Financials;Madison;NJ;no;no;no;yes;445.0;Ryan M. Schneider;https://www.realogy.com;HOUS;1852.1
Oshkosh;428;-6.0;7952.5;409.4;15000.0;Industrials;Oshkosh;WI;no;no;no;yes;422.0;John C. Pfeifer;https://www.oshkoshcorp.com;OSK;6703.7
MasTec;429;12.0;7951.8;328.8;27000.0;Engineering & Construction;Coral Gables;FL;no;no;no;yes;441.0;José R. Mas;https://www.mastec.com;MTZ;6657
GXO Logistics;430;0.0;7940.0;153.0;97500.0;Transportation;Greenwich;CT;yes;no;no;yes; ;Malcolm Wilson;https://www.gxo.com;GXO;8193
APA;431;0.0;7928.0;973.0;2253.0;Energy;Houston;TX;yes;no;no;yes; ;John J. Christmann IV;https://www.apacorp.com;APA;14332.3
Boise Cascade;432;61.0;7926.1;712.5;6130.0;Wholesalers;Boise;ID;no;no;no;yes;493.0;Nathan Jorgensen;https://www.bc.com;BCC;2405
Dover;433;-4.0;7907.1;1123.8;25000.0;Industrials;Downers Grove;IL;no;no;no;yes;429.0;Richard J. Tobin;https://www.dovercorporation.com;DOV;22610.3
Genworth Financial;434;-86.0;7882.0;904.0;2500.0;Financials;Richmond;VA;no;no;no;yes;348.0;Thomas J. McInerney;https://www.genworth.com;GNW;1917.9
Bath & Body Works;435;-178.0;7881.5;1333.5;32850.0;Retailing;Columbus;OH;no;no;yes;yes;257.0;Sarah E. Nash;https://www.bbwinc.com;BBWI;11419.9
Booz Allen Hamilton Holding;436;-45.0;7858.9;609.0;27700.0;Technology;McLean;VA;no;no;no;yes;391.0;Horacio D. Rozanski;https://www.boozallen.com;BAH;11705.4
Coinbase Global;437;0.0;7839.4;3624.1;3730.0;Financials;Wilmington;DE;yes;yes;no;yes; ;Brian Armstrong;https://www.coinbase.com;COIN;41670.4
Zimmer Biomet Holdings;438;-24.0;7836.2;401.6;19500.0;Health Care;Warsaw;IN;no;no;no;yes;414.0;Bryan C. Hanson;https://www.zimmerbiomet.com;ZBH;26772.3
Westinghouse Air Brake Technologies;439;-55.0;7822.0;558.0;25000.0;Industrials;Pittsburgh;PA;no;no;no;yes;384.0;Rafael O. Santana;https://www.wabteccorp.com;WAB;17819.4
Zoetis;440;-9.0;7776.0;2037.0;12100.0;Health Care;Parsippany;NJ;no;no;yes;yes;431.0;Kristin Peck;https://www.zoetis.com;ZTS;69420
Packaging Corp. of America;441;-8.0;7730.3;841.1;15200.0;Materials;Lake Forest;IL;no;no;no;yes;433.0;Mark W. Kowlzan;https://www.packagingcorp.com;PKG;14628.1
LPL Financial Holdings;442;24.0;7720.8;459.9;5919.0;Financials;San Diego;CA;no;no;no;yes;466.0;Dan H. Arnold;https://www.lpl.com;LPLA;14608.8
T. Rowe Price;443;4.0;7671.9;3082.9;7529.0;Financials;Baltimore;MD;no;no;no;yes;447.0;Robert W. Sharps;https://www.troweprice.com;TROW;34442.6
Fortune Brands Home & Security;444;12.0;7656.1;772.4;28056.0;Household Products;Deerfield;IL;no;no;no;yes;456.0;Nicholas I. Fink;https://www.fbhs.com;FBHS;9830.7
Casey's General Stores;445;-74.0;7654.2;312.9;27583.0;Retailing;Ankeny;IA;no;no;no;yes;371.0;Darren M. Rebelez;https://www.caseys.com;CASY;7354.4
A-Mark Precious Metals;446;49.0;7613.0;159.6;347.0;Wholesalers;El Segundo;CA;no;no;no;yes;495.0;Gregory N. Roberts;https://www.amark.com;AMRK;890.5
Hess;447;0.0;7583.0;559.0;1545.0;Energy;New York;NY;yes;no;no;yes; ;John B. Hess;https://www.hess.com;HES;33155.2
Vertex Pharmaceuticals;448;0.0;7574.4;2342.1;3900.0;Health Care;Boston;MA;no;no;yes;yes;448.0;Reshma Kewalramani;https://www.vrtx.com;VRTX;66436.9
KeyCorp;449;-53.0;7561.0;2625.0;16974.0;Financials;Cleveland;OH;no;no;no;yes;396.0;Christopher M. Gorman;https://www.key.com;KEY;20592.5
Chipotle;450;14.0;7547.1;653.0;97660.0;Hotels, Restaurants & Leisure;Newport Beach;CA;no;no;no;yes;464.0;Brian Niccol;https://www.chipotle.com;CMG;41724
CMS Energy;451;-21.0;7538.0;1353.0;8813.0;Energy;Jackson;MI;no;no;no;yes;430.0;Garrick J. Rochow;https://www.cmsenergy.com;CMS;20292.2
Arconic;452;24.0;7504.0;-397.0;13900.0;Materials;Pittsburgh;PA;no;no;no;no;476.0;Timothy D. Myers;https://www.arconic.com;ARNC;2690.7
Taylor Morrison Home;453;-1.0;7501.3;663.0;3000.0;Engineering & Construction;Scottsdale;AZ;no;no;yes;yes;452.0;Sheryl D. Palmer;https://www.taylormorrison.com;TMHC;3301.6
American Financial Group;454;-78.0;7462.0;1995.0;6600.0;Financials;Cincinnati;OH;no;no;no;yes;376.0;Carl H. Lindner lll/S. Craig Lindner;https://www.afginc.com;AFG;12367.8
UGI;455;-19.0;7447.0;1467.0;11300.0;Energy;King of Prussia;PA;no;no;no;yes;436.0;Roger Perreault;https://www.ugicorp.com;UGI;7599.1
Science Applications International;456;-44.0;7394.0;277.0;25090.0;Technology;Reston;VA;no;no;yes;yes;412.0;Nazzic S. Keene;https://www.saic.com;SAIC;5166.1
Avantor;457;-19.0;7386.1;572.6;13500.0;Technology;Radnor;PA;no;no;no;yes;438.0;Michael Stubblefield;https://www.avantorsciences.com;AVTR;20629.1
Hanesbrands;458;-26.0;7347.8;77.2;58000.0;Apparel;Winston-Salem;NC;no;no;no;yes;432.0;Stephen B. Bratspies;https://www.hanes.com;HBI;5191.4
Clorox;459;-32.0;7341.0;710.0;9000.0;Household Products;Oakland;CA;no;no;yes;yes;427.0;Linda Rendle;https://www.thecloroxcompany.com;CLX;17108.7
KBR;460;10.0;7339.0;18.0;28000.0;Engineering & Construction;Houston;TX;no;no;no;yes;470.0;Stuart J.B. Bradie;https://www.kbr.com;KBR;7634.9
TravelCenters of America;461;0.0;7336.8;58.5;16540.0;Retailing;Westlake;OH;yes;no;no;yes; ;Jonathan M. Pertchik;https://www.ta-petro.com;TA;637.5
Hertz Global Holdings;462;0.0;7336.0;366.0;23000.0;Retailing;Estero;FL;yes;no;no;yes; ;Stephen M. Scherr;https://www.hertz.com;HTZ;9508.9
Analog Devices;463;18.0;7318.3;1390.4;24700.0;Technology;Wilmington;MA;no;no;no;yes;481.0;Vincent T. Roche;https://www.analog.com;ADI;86441.2
Securian Financial Group;464;-43.0;7317.4;311.5;6941.0;Financials;St. Paul;MN;no;no;no;yes;421.0;Christopher M. Hilger;https://www.securian.com;;
Darden Restaurants;465;-88.0;7196.1;629.3;156883.0;Hotels, Restaurants & Leisure;Orlando;FL;no;no;no;yes;377.0;Ricardo Cardenas;https://www.darden.com;DRI;16980.9
NCR;466;-20.0;7156.0;97.0;38000.0;Technology;Atlanta;GA;no;no;no;yes;446.0;Michael D. Hayford;https://www.ncr.com;NCR;5474.7
Graphic Packaging Holding;466;-31.0;7156.0;204.0;25000.0;Materials;Atlanta;GA;no;no;no;yes;435.0;Michael P. Doss;https://www.graphicpkg.com;GPK;6154.4
Brighthouse Financial;468;-115.0;7142.0;-108.0;1500.0;Financials;Charlotte;NC;no;no;no;no;353.0;Eric T. Steigerwalt;https://www.brighthousefinancial.com;BHF;3958.7
PPL;469;-87.0;7127.0;-1480.0;5607.0;Energy;Allentown;PA;no;no;no;no;382.0;Vincent Sorgi;https://www.pplweb.com;PPL;21001.9
Cintas;470;-60.0;7116.3;1111.0;40000.0;Business Services;Cincinnati;OH;no;no;no;yes;410.0;Todd M. Schneider;https://www.cintas.com;CTAS;43566.7
Xerox Holdings;471;-56.0;7038.0;-455.0;23300.0;Technology;Norwalk;CT;no;no;no;no;415.0;Steve Bandrowczak;https://www.xerox.com;XRX;3123.3
Rockwell Automation;472;-32.0;6997.4;1358.1;24500.0;Industrials;Milwaukee;WI;no;no;no;yes;440.0;Blake D. Moret;https://www.rockwellautomation.com;ROK;32538.4
Citizens Financial Group;473;-92.0;6986.0;2319.0;17463.0;Financials;Providence;RI;no;no;no;yes;381.0;Bruce W. Van Saun;https://www.citizensbank.com;CFG;19135.7
KLA;474;-6.0;6918.7;2078.3;11425.0;Technology;Milpitas;CA;no;no;no;yes;468.0;Richard P. Wallace;https://www.kla.com;KLAC;55170.9
Camping World Holdings;475;21.0;6913.8;278.5;12834.0;Retailing;Lincolnshire;IL;no;no;no;yes;496.0;Marcus A. Lemonis;https://www.campingworld.com;CWH;2664.6
Ingredion;476;-13.0;6894.0;117.0;12000.0;Food, Beverages & Tobacco;Westchester;IL;no;no;no;yes;463.0;James P. Zallie;https://www.ingredion.com;INGR;5814.2
Veritiv;477;-38.0;6850.5;144.6;6100.0;Wholesalers;Atlanta;GA;no;no;no;yes;439.0;Salvatore A. Abbate;https://www.veritivcorp.com;VRTV;2008
Beacon Roofing Supply;478;-58.0;6820.4;243.0;6676.0;Wholesalers;Herndon;VA;no;no;no;yes;420.0;Julian G. Francis;https://www.becn.com;BECN;4175.9
Diamondback Energy;479;0.0;6797.0;2182.0;870.0;Energy;Midland;TX;yes;no;no;yes; ;Travis D. Stice;https://www.diamondbackenergy.com;FANG;24320
Victoria's Secret;480;0.0;6784.6;646.4;24000.0;Retailing;Reynoldsburg;OH;yes;no;no;yes; ;Martin P. Waters;https://www.victoriassecretandco.com;VSCO;4330.4
Academy Sports and Outdoors;481;-6.0;6773.1;671.4;16508.0;Retailing;Katy;TX;no;no;no;yes;475.0;Ken C. Hicks;https://www.academy.com;ASO;3433.5
Sanmina;482;-64.0;6756.6;269.0;33500.0;Technology;San Jose;CA;no;yes;no;yes;418.0;Jure Sola;https://www.sanmina.com;SANM;2569
ON Semiconductor;483;0.0;6739.8;1009.6;31650.0;Technology;Phoenix;AZ;yes;no;no;yes; ;Hassane S. El-Khoury;https://www.onsemi.com;ON;27078.7
Commercial Metals;484;8.0;6729.8;412.9;11089.0;Materials;Irving;TX;no;no;yes;yes;492.0;Barbara R. Smith;https://www.cmc.com;CMC;5056.7
EnLink Midstream;485;0.0;6685.9;22.4;1073.0;Energy;Dallas;TX;yes;no;no;yes; ;Jesse Arenivas;https://www.enlink.com;ENLC;4670.6
Southwestern Energy;486;0.0;6667.0;-25.0;938.0;Energy;Spring;TX;yes;no;no;no; ;William J. Way;https://www.swn.com;SWN;7989.7
Equinix;487;-26.0;6635.5;500.2;10944.0;Financials;Redwood City;CA;no;no;no;yes;461.0;Charles J. Meyers;https://www.equinix.com;EQIX;67280.5
"Dillard&#8217;s";488;0.0;6624.3;862.5;25350.0;Retailing;Little Rock;AR;yes;no;no;yes; ;William T. Dillard II;https://www.dillards.com;DDS;4928.2
Regions Financial;489;-55.0;6605.0;2521.0;19626.0;Financials;Birmingham;AL;no;no;no;yes;434.0;John M. Turner Jr.;https://www.regions.com;RF;20860.9
Yum Brands;490;-12.0;6584.0;1575.0;25650.0;Hotels, Restaurants & Leisure;Louisville;KY;no;no;no;yes;478.0;David W. Gibbs;https://www.yum.com;YUM;34252.9
Landstar System;491;0.0;6540.4;381.5;1399.0;Transportation;Jacksonville;FL;yes;no;no;yes; ;James B. Gattoni;https://www.landstar.com;LSTR;5600
CF Industries Holdings;492;0.0;6538.3;917.1;3003.0;Chemicals;Deerfield;IL;yes;no;no;yes; ;W. Anthony Will;https://www.cfindustries.com;CF;21551.3
Northern Trust;493;-50.0;6488.3;1545.3;21100.0;Financials;Chicago;IL;no;no;no;yes;443.0;"Michael G. O&#039;Grady";https://www.northerntrust.com;NTRS;24215.1
Robert Half International;494;0.0;6461.4;598.6;14600.0;Business Services;Menlo Park;CA;yes;no;no;yes; ;M. Keith Waddell;https://www.roberthalf.com;RHI;12638.1
Compass;495;0.0;6421.0;-494.1;4775.0;Technology;New York;NY;yes;yes;no;no; ;Robert L. Reffkin;https://www.compass.com;COMP;3358.8
Hasbro;496;-2.0;6420.4;428.7;6640.0;Household Products;Pawtucket;RI;no;no;no;yes;494.0;Christian Cocks;https://www.hasbro.com;HAS;11383.6
Roper Technologies;497;-9.0;6415.8;1152.6;19300.0;Technology;Sarasota;FL;no;no;no;yes;488.0;L. Neil Hunn;https://www.ropertech.com;ROP;49868.8
ARKO;498;0.0;6412.6;59.2;11236.0;Retailing;Richmond;VA;yes;no;no;yes; ;Arie Kotler;https://www.arkocorp.com;ARKO;1133.9
Frontier Communications;499;-97.0;6411.0;;15640.0;Telecommunications;Norwalk;CT;no;no;no;no;402.0;Nick Jeffery;https://www.frontier.com;FYBR;6763.1
Ameren;500;-31.0;6394.0;990.0;9116.0;Energy;St. Louis;MO;no;no;no;yes; ;Martin J. Lyons Jr.;https://www.ameren.com;AEE;24198.7